iteration,global_step,mean_return,mean_length,success_rate,mean_distance,policy_loss,value_loss,entropy,approx_kl,sps,elapsed
1,1024,-109.5199,50.0,0.0000,2.3381,-0.011399,378.961892,4.254877,0.006823,879,1.2
2,2048,-110.2423,50.0,0.0000,2.2811,-0.003854,387.312331,4.247376,0.002642,982,2.1
3,3072,-114.2503,50.0,0.0000,2.2645,-0.000060,440.142820,4.243025,0.002081,1015,3.0
4,4096,-114.0327,50.0,0.0000,2.3021,-0.006357,375.502241,4.237609,0.004748,1032,4.0
5,5120,-113.1350,50.0,0.0000,2.3049,-0.004503,347.090004,4.219852,0.004311,1046,4.9
6,6144,-111.5843,50.0,0.0000,2.2543,-0.003618,302.031878,4.206881,0.003562,1052,5.8
7,7168,-110.9894,50.0,0.0000,2.2095,-0.005705,324.163815,4.198992,0.004648,1059,6.8
8,8192,-108.7960,50.0,0.0000,2.2090,-0.006723,356.474528,4.188709,0.005406,1065,7.7
9,9216,-108.3872,50.0,0.0000,2.1361,-0.010290,354.316439,4.178951,0.006303,1069,8.6
10,10240,-108.1147,50.0,0.0000,2.1320,-0.006553,310.926498,4.172838,0.004751,1069,9.6
11,11264,-110.0314,50.0,0.0000,2.1267,-0.003922,357.796107,4.173228,0.003718,1072,10.5
12,12288,-110.6709,50.0,0.0000,2.1494,-0.003794,309.901658,4.172266,0.003343,1072,11.5
13,13312,-111.3269,50.0,0.0000,2.2061,-0.002549,321.801167,4.168265,0.003110,1072,12.4
14,14336,-111.5945,50.0,0.0000,2.2634,-0.005536,336.039291,4.157958,0.003661,1066,13.4
15,15360,-113.4404,50.0,0.0000,2.2924,-0.006757,356.792006,4.148746,0.004350,1059,14.5
16,16384,-111.6214,50.0,0.0000,2.2179,-0.004601,290.932621,4.148012,0.002949,1059,15.5
17,17408,-111.4001,50.0,0.0000,2.2626,-0.005450,335.619894,4.148771,0.003397,1061,16.4
18,18432,-110.5593,50.0,0.0000,2.2130,-0.004669,300.694508,4.149208,0.003637,1063,17.3
19,19456,-109.3081,50.0,0.0000,2.1747,-0.004016,300.177884,4.148344,0.003052,1058,18.4
20,20480,-109.6995,50.0,0.0000,2.1861,-0.004139,357.630935,4.146934,0.002756,1058,19.4
21,21504,-112.0652,50.0,0.0000,2.2403,-0.006804,348.590834,4.147558,0.003892,1056,20.4
22,22528,-112.4251,50.0,0.0000,2.2050,-0.003435,301.492249,4.149918,0.002835,1054,21.4
23,23552,-113.5251,50.0,0.0000,2.2490,-0.006002,322.062336,4.151402,0.004242,1054,22.3
24,24576,-114.6526,50.0,0.0000,2.3257,-0.004550,309.742255,4.153814,0.003731,1054,23.3
25,25600,-112.7586,50.0,0.0000,2.3183,-0.004214,312.682497,4.151852,0.002193,1053,24.3
26,26624,-110.9475,50.0,0.0000,2.3311,-0.007345,298.012061,4.150346,0.003527,1053,25.3
27,27648,-110.0376,50.0,0.0000,2.2834,-0.004015,303.050902,4.148474,0.001692,1053,26.2
28,28672,-108.9595,50.0,0.0000,2.2340,-0.004198,276.496042,4.150548,0.002614,1053,27.2
29,29696,-106.1478,50.0,0.0000,2.1915,-0.003144,223.364048,4.149956,0.001637,1053,28.2
30,30720,-106.1072,50.0,0.0000,2.1898,-0.005349,270.805132,4.148253,0.004387,1053,29.2
31,31744,-106.8055,50.0,0.0000,2.1889,-0.004772,300.484377,4.147199,0.003630,1053,30.1
32,32768,-106.9644,50.0,0.0000,2.2133,-0.004276,275.012507,4.146359,0.001867,1053,31.1
33,33792,-107.0725,50.0,0.0000,2.2126,-0.004617,305.957971,4.146037,0.002638,1052,32.1
34,34816,-109.4163,50.0,0.0000,2.2078,-0.003907,278.111873,4.144633,0.002421,1052,33.1
35,35840,-109.2273,50.0,0.0000,2.2170,-0.005628,277.859315,4.144349,0.004097,1051,34.1
36,36864,-108.2960,50.0,0.0000,2.1545,-0.006046,270.561035,4.144992,0.003094,1052,35.0
37,37888,-108.2435,50.0,0.0000,2.1247,-0.004547,251.580448,4.143997,0.001998,1051,36.0
38,38912,-107.8913,50.0,0.0000,2.1880,-0.005706,253.660424,4.142774,0.004161,1051,37.0
39,39936,-108.6551,50.0,0.0000,2.1843,-0.004212,287.000990,4.140289,0.001794,1051,38.0
40,40960,-109.0796,50.0,0.0000,2.1830,-0.008246,261.694862,4.138370,0.004424,1051,39.0
41,41984,-108.8013,50.0,0.0000,2.1914,-0.008408,268.260240,4.137695,0.004751,1051,39.9
42,43008,-109.8935,50.0,0.0000,2.2453,-0.007408,329.753497,4.139494,0.003585,1050,40.9
43,44032,-109.9456,50.0,0.0000,2.1996,-0.009497,270.993990,4.140561,0.004442,1050,41.9
44,45056,-110.3792,50.0,0.0000,2.1894,-0.005518,285.151814,4.139527,0.003002,1050,42.9
45,46080,-110.5918,50.0,0.0000,2.2165,-0.004567,224.027736,4.140343,0.002609,1050,43.9
46,47104,-111.0851,50.0,0.0000,2.1964,-0.002519,285.868797,4.140297,0.000685,1050,44.8
47,48128,-108.0061,50.0,0.0000,2.1659,-0.005733,201.529966,4.138950,0.003176,1050,45.8
48,49152,-107.9487,50.0,0.0000,2.1532,-0.004449,260.641435,4.137734,0.002787,1050,46.8
49,50176,-105.4619,50.0,0.0000,2.1236,-0.005052,248.758358,4.136178,0.002452,1050,47.8
50,51200,-107.9418,50.0,0.0000,2.0944,-0.004023,275.999676,4.135059,0.001742,1050,48.8
51,52224,-105.5425,50.0,0.0000,2.0681,-0.006662,245.802896,4.135752,0.004371,1050,49.7
52,53248,-106.5428,50.0,0.0000,2.0778,-0.004649,227.153064,4.137073,0.002560,1050,50.7
53,54272,-106.4175,50.0,0.0000,2.0334,-0.004634,239.041862,4.139436,0.001998,1050,51.6
54,55296,-107.0894,50.0,0.0000,2.0713,-0.005235,236.867199,4.139098,0.003202,1050,52.6
55,56320,-107.6987,50.0,0.0000,2.1251,-0.004269,270.981617,4.137415,0.001979,1049,53.7
56,57344,-109.5826,50.0,0.0000,2.1245,-0.010040,258.966760,4.136683,0.005699,1049,54.6
57,58368,-111.0420,50.0,0.0000,2.2177,-0.008784,245.226907,4.139003,0.004385,1049,55.6
58,59392,-110.3131,50.0,0.0000,2.2601,-0.007939,223.061074,4.140221,0.004673,1050,56.6
59,60416,-109.7611,50.0,0.0000,2.1828,-0.006364,253.553312,4.140381,0.003705,1050,57.5
60,61440,-106.0920,50.0,0.0000,2.1479,-0.005527,198.329727,4.139852,0.003169,1050,58.5
61,62464,-104.1682,50.0,0.0000,2.0988,-0.004529,231.857960,4.138087,0.002436,1051,59.4
62,63488,-105.4938,50.0,0.0000,2.1105,-0.004893,244.972470,4.136577,0.002825,1052,60.3
63,64512,-106.7678,50.0,0.0000,2.1361,-0.009244,225.142509,4.135416,0.005783,1053,61.2
64,65536,-107.1100,50.0,0.0000,2.1786,-0.005264,233.389509,4.134699,0.002960,1054,62.2
65,66560,-108.7785,50.0,0.0000,2.2302,-0.004596,227.001472,4.134076,0.003128,1055,63.1
66,67584,-109.5891,50.0,0.0000,2.2477,-0.005451,250.051147,4.133354,0.003456,1054,64.1
67,68608,-106.6840,50.0,0.0000,2.1788,-0.007363,212.372480,4.131656,0.004334,1054,65.1
68,69632,-105.4547,50.0,0.0000,2.2076,-0.005954,210.847383,4.131640,0.002837,1054,66.0
69,70656,-103.2968,50.0,0.0000,2.1253,-0.007459,196.722398,4.129309,0.005220,1055,66.9
70,71680,-103.9862,50.0,0.0000,2.1225,-0.006692,240.187802,4.128721,0.005519,1055,67.9
71,72704,-103.7916,50.0,0.0000,2.0692,-0.004238,230.760798,4.128357,0.002006,1055,68.9
72,73728,-103.7519,50.0,0.0000,2.1260,-0.003520,186.113627,4.129276,0.002284,1056,69.8
73,74752,-105.4914,50.0,0.0000,2.1152,-0.006070,225.029151,4.128331,0.002729,1055,70.8
74,75776,-107.1191,50.0,0.0000,2.1497,-0.007028,222.896804,4.127220,0.004099,1056,71.7
75,76800,-107.8750,50.0,0.0000,2.1632,-0.005137,253.359162,4.127999,0.002902,1056,72.7
76,77824,-106.5233,50.0,0.0000,2.1956,-0.007264,211.452212,4.126603,0.002725,1055,73.8
77,78848,-108.1910,50.0,0.0000,2.1558,-0.004028,222.212794,4.124131,0.002713,1055,74.7
78,79872,-105.6791,50.0,0.0000,2.0909,-0.004730,178.027661,4.122521,0.001804,1056,75.6
79,80896,-107.5364,50.0,0.0000,2.0724,-0.006676,253.170004,4.122544,0.003233,1057,76.5
80,81920,-106.8538,50.0,0.0000,2.0496,-0.006523,213.865849,4.123273,0.004204,1057,77.5
81,82944,-105.2631,50.0,0.0000,2.0189,-0.005871,184.081996,4.124263,0.003442,1057,78.4
82,83968,-103.8613,50.0,0.0000,1.9843,-0.004621,205.103967,4.124830,0.003869,1058,79.3
83,84992,-104.7272,50.0,0.0000,1.9796,-0.005223,181.747354,4.124804,0.003532,1059,80.2
84,86016,-102.4886,50.0,0.0000,1.9493,-0.005314,228.637728,4.125169,0.002175,1059,81.2
85,87040,-102.9774,50.0,0.0000,1.9927,-0.004209,223.998258,4.120961,0.001969,1059,82.2
86,88064,-103.7201,50.0,0.0000,2.0333,-0.007619,191.803905,4.115135,0.004005,1059,83.1
87,89088,-105.6114,50.0,0.0000,2.1216,-0.007931,214.012484,4.112096,0.004544,1059,84.1
88,90112,-107.6721,50.0,0.0000,2.1808,-0.008303,204.787554,4.110544,0.004755,1059,85.1
89,91136,-106.9014,50.0,0.0000,2.1999,-0.004169,203.644905,4.108239,0.003711,1058,86.1
90,92160,-106.5551,50.0,0.0000,2.2129,-0.006070,235.599120,4.107439,0.003833,1058,87.0
91,93184,-109.5716,50.0,0.0000,2.2071,-0.005560,238.335391,4.107059,0.002919,1059,88.0
92,94208,-107.2467,50.0,0.0000,2.1292,-0.004465,194.415365,4.105587,0.002438,1059,88.9
93,95232,-106.1786,50.0,0.0000,2.1075,-0.004635,183.351645,4.101649,0.002751,1058,90.0
94,96256,-107.2819,50.0,0.0000,2.1265,-0.007399,216.462593,4.099540,0.003991,1058,90.9
95,97280,-108.5827,50.0,0.0000,2.1151,-0.005899,234.829835,4.097129,0.004044,1058,91.9
96,98304,-107.1171,50.0,0.0000,2.0713,-0.003247,185.823517,4.094863,0.002239,1058,92.9
97,99328,-106.6101,50.0,0.0000,2.0863,-0.005498,166.569478,4.096002,0.003723,1059,93.8
98,100352,-106.7463,50.0,0.0000,2.0552,-0.008687,201.964918,4.097336,0.004223,1059,94.7
99,101376,-106.6329,50.0,0.0000,2.0706,-0.007999,243.080599,4.096923,0.006056,1059,95.6
100,102400,-106.5101,50.0,0.0000,2.0950,-0.007097,254.738622,4.097077,0.004801,1060,96.6
101,103424,-108.3041,50.0,0.0000,2.1295,-0.003859,230.564234,4.096651,0.002046,1060,97.5
102,104448,-111.1104,50.0,0.0000,2.1108,-0.005787,222.542899,4.094313,0.003412,1060,98.5
103,105472,-111.9342,50.0,0.0000,2.1752,-0.004056,205.705566,4.093408,0.002152,1061,99.4
104,106496,-110.5964,50.0,0.0000,2.1152,-0.006124,188.208225,4.093333,0.004433,1061,100.3
105,107520,-107.7027,50.0,0.0000,2.0329,-0.008113,193.026028,4.093122,0.005262,1061,101.3
106,108544,-107.3588,50.0,0.0000,2.0607,-0.007746,197.176422,4.093252,0.004396,1062,102.2
107,109568,-105.6650,50.0,0.0000,2.0569,-0.005517,227.113392,4.089319,0.004029,1061,103.2
108,110592,-106.7836,50.0,0.0000,2.0621,-0.004482,214.083870,4.087479,0.003359,1061,104.2
109,111616,-105.4488,50.0,0.0000,2.0351,-0.008335,187.426441,4.088562,0.004255,1060,105.2
110,112640,-106.1385,50.0,0.0000,2.0768,-0.006770,191.606519,4.089960,0.005026,1060,106.2
111,113664,-105.4460,50.0,0.0000,2.0641,-0.007393,186.321867,4.088660,0.005115,1060,107.2
112,114688,-106.0738,50.0,0.0000,2.0925,-0.008287,221.658767,4.085068,0.004507,1060,108.1
113,115712,-107.8500,50.0,0.0000,2.0761,-0.006923,224.431770,4.086827,0.004693,1060,109.1
114,116736,-110.0590,50.0,0.0000,2.1639,-0.008258,228.411467,4.089184,0.006161,1060,110.1
115,117760,-108.9702,50.0,0.0000,2.1499,-0.005376,180.653323,4.092514,0.004299,1059,111.1
116,118784,-108.3319,50.0,0.0000,2.1669,-0.007716,189.433559,4.093749,0.005234,1058,112.2
117,119808,-104.3636,50.0,0.0000,2.0686,-0.007229,166.535145,4.092805,0.006110,1057,113.3
118,120832,-101.4907,50.0,0.0000,2.0043,-0.005795,176.218858,4.092502,0.003779,1056,114.3
119,121856,-98.5743,50.0,0.0000,1.9184,-0.006933,176.803743,4.090107,0.003602,1056,115.4
120,122880,-100.9233,50.0,0.0000,1.9816,-0.005679,199.544037,4.089386,0.003463,1055,116.4
121,123904,-99.9353,50.0,0.0000,1.9103,-0.009929,159.124516,4.092258,0.005960,1054,117.5
122,124928,-101.8385,50.0,0.0000,1.9661,-0.007565,186.697894,4.095669,0.004780,1054,118.4
123,125952,-103.7096,50.0,0.0000,2.0382,-0.007009,205.010031,4.097267,0.004982,1055,119.4
124,126976,-103.3738,50.0,0.0000,2.0737,-0.008382,193.626261,4.101210,0.005726,1055,120.3
125,128000,-102.5952,50.0,0.0000,2.0169,-0.006639,192.981263,4.100933,0.004677,1054,121.4
126,129024,-103.7547,50.0,0.0000,2.1121,-0.005988,188.623053,4.099462,0.004512,1053,122.4
127,130048,-100.4508,50.0,0.0000,2.0788,-0.006697,141.209920,4.093929,0.005054,1053,123.4
128,131072,-100.2186,50.0,0.0000,2.0488,-0.009142,180.251437,4.083205,0.005617,1054,124.3
129,132096,-101.4751,50.0,0.0000,2.0710,-0.004584,202.635883,4.083468,0.002306,1053,125.4
130,133120,-101.8507,50.0,0.0000,2.0933,-0.006945,192.502823,4.087632,0.004722,1053,126.3
131,134144,-100.4613,50.0,0.0000,1.9574,-0.008258,181.525591,4.092280,0.004981,1054,127.3
132,135168,-101.8264,50.0,0.0000,1.9566,-0.006211,178.211275,4.089413,0.003529,1054,128.2
133,136192,-102.5233,50.0,0.0000,1.9582,-0.006211,218.310992,4.085111,0.004572,1054,129.1
134,137216,-99.8573,50.0,0.0000,1.9027,-0.009370,169.540016,4.083361,0.005870,1055,130.0
135,138240,-96.9942,50.0,0.0000,1.8354,-0.009930,142.584217,4.084247,0.006063,1055,130.9
136,139264,-98.0965,50.0,0.0000,1.9215,-0.004260,174.860743,4.085645,0.003419,1056,131.9
137,140288,-99.2752,50.0,0.0000,1.9739,-0.007568,158.602202,4.086224,0.005762,1056,132.8
138,141312,-97.6103,50.0,0.0000,1.9183,-0.009667,186.128933,4.089486,0.005954,1057,133.7
139,142336,-97.6928,50.0,0.0000,1.9472,-0.005275,170.603709,4.093247,0.003487,1056,134.7
140,143360,-99.1557,50.0,0.0000,1.9644,-0.006085,167.995341,4.089501,0.003881,1057,135.6
141,144384,-97.7877,50.0,0.0000,1.9001,-0.007730,184.501680,4.088088,0.006085,1057,136.5
142,145408,-97.8255,50.0,0.0000,1.8468,-0.010008,168.688273,4.088922,0.005359,1056,137.6
143,146432,-98.5635,50.0,0.0000,1.7963,-0.004534,210.279938,4.091210,0.003157,1055,138.7
144,147456,-97.8694,50.0,0.0000,1.7255,-0.007059,161.781511,4.089919,0.005420,1055,139.8
145,148480,-99.5508,50.0,0.0000,1.7634,-0.007973,182.679441,4.089689,0.006105,1055,140.7
146,149504,-99.3130,50.0,0.0000,1.8162,-0.007047,155.674577,4.086908,0.004509,1054,141.8
147,150528,-97.9441,50.0,0.0000,1.8080,-0.006011,144.933804,4.089041,0.005114,1054,142.8
148,151552,-95.9725,50.0,0.0000,1.8377,-0.009891,181.409191,4.089601,0.007129,1054,143.7
149,152576,-97.6638,50.0,0.0000,1.8316,-0.008770,210.119410,4.088224,0.005352,1054,144.7
150,153600,-95.6368,50.0,0.0000,1.7737,-0.009550,168.024411,4.081535,0.007972,1054,145.7
151,154624,-97.8523,50.0,0.0000,1.7872,-0.009506,191.952322,4.077882,0.006052,1054,146.6
152,155648,-100.5707,50.0,0.0000,1.8730,-0.008738,185.711200,4.069734,0.005797,1054,147.6
153,156672,-99.1562,50.0,0.0000,1.9291,-0.015347,157.570760,4.065440,0.010380,1053,148.7
154,157696,-97.5688,50.0,0.0000,1.9618,-0.009871,161.487210,4.071244,0.005814,1052,149.8
155,158720,-97.1657,50.0,0.0000,2.0131,-0.007950,150.675677,4.072509,0.006541,1050,151.1
156,159744,-94.7146,50.0,0.0000,1.9616,-0.007679,163.930097,4.067166,0.006067,1049,152.2
157,160768,-92.0159,50.0,0.0000,1.8768,-0.009823,156.672527,4.068814,0.006880,1048,153.4
158,161792,-92.8057,50.0,0.0000,1.8145,-0.010370,183.925348,4.072239,0.007446,1047,154.5
159,162816,-92.5065,50.0,0.0000,1.8254,-0.005179,157.043045,4.078432,0.006785,1046,155.5
160,163840,-90.9414,50.0,0.0000,1.6997,-0.009984,154.607981,4.080141,0.007450,1047,156.4
161,164864,-90.2549,50.0,0.0000,1.6625,-0.012020,155.764753,4.078974,0.006060,1047,157.4
162,165888,-91.1512,50.0,0.0000,1.6551,-0.008308,167.543570,4.077857,0.005287,1047,158.3
163,166912,-88.0750,50.0,0.0000,1.5479,-0.008596,139.354027,4.083676,0.006277,1048,159.2
164,167936,-87.2514,50.0,0.0000,1.5376,-0.011344,154.890393,4.086854,0.007371,1048,160.1
165,168960,-87.4161,50.0,0.0000,1.5342,-0.007696,158.702670,4.084541,0.006144,1049,161.1
166,169984,-84.8755,50.0,0.0000,1.5091,-0.007507,131.311138,4.085375,0.005903,1049,162.0
167,171008,-82.1867,50.0,0.0000,1.5567,-0.008421,145.774593,4.094390,0.006589,1049,162.9
168,172032,-83.6844,50.0,0.0000,1.5921,-0.013776,136.984950,4.100936,0.008501,1049,163.9
169,173056,-83.9673,50.0,0.0000,1.5543,-0.008252,159.696894,4.082300,0.006315,1050,164.8
170,174080,-85.2229,50.0,0.0000,1.5698,-0.007897,155.468203,4.078955,0.006219,1050,165.7
171,175104,-86.4285,50.0,0.0000,1.5888,-0.010597,135.810019,4.071381,0.008010,1050,166.7
172,176128,-84.8827,50.0,0.0000,1.5494,-0.007063,137.038905,4.066928,0.006487,1050,167.6
173,177152,-83.7925,50.0,0.0000,1.5231,-0.007427,134.573391,4.067354,0.006179,1051,168.5
174,178176,-82.7515,50.0,0.0000,1.5337,-0.009661,154.963312,4.068145,0.006467,1051,169.5
175,179200,-82.9962,50.0,0.0000,1.5192,-0.013665,147.450190,4.070447,0.009705,1051,170.4
176,180224,-85.0910,50.0,0.0000,1.5394,-0.005486,139.690376,4.071395,0.004413,1051,171.3
177,181248,-85.2833,50.0,0.0000,1.5608,-0.008297,142.871794,4.072397,0.006232,1052,172.3
178,182272,-84.7759,50.0,0.0000,1.5505,-0.012029,120.594212,4.065994,0.007846,1052,173.2
179,183296,-84.9837,50.0,0.0000,1.5752,-0.011482,121.938222,4.060804,0.009129,1052,174.2
180,184320,-83.9562,50.0,0.0000,1.5569,-0.010350,126.552728,4.063190,0.008504,1052,175.1
181,185344,-83.2292,50.0,0.0000,1.5458,-0.008545,136.628118,4.060422,0.006123,1052,176.0
182,186368,-81.1707,50.0,0.0000,1.4870,-0.010412,136.810004,4.053568,0.007477,1053,177.0
183,187392,-82.1411,50.0,0.0000,1.4924,-0.011818,145.157721,4.049777,0.008695,1052,178.1
184,188416,-80.2027,50.0,0.0000,1.3996,-0.008947,142.381532,4.051054,0.006590,1052,179.1
185,189440,-80.0337,50.0,0.0000,1.4163,-0.009521,120.061642,4.041588,0.007235,1051,180.1
186,190464,-81.0276,50.0,0.0000,1.4561,-0.010194,133.155736,4.033951,0.007443,1051,181.1
187,191488,-80.7981,50.0,0.0000,1.4493,-0.007672,120.753768,4.035863,0.005264,1051,182.0
188,192512,-79.6552,50.0,0.0000,1.4109,-0.008171,108.868141,4.041056,0.007401,1052,183.0
189,193536,-79.1010,50.0,0.0000,1.4755,-0.008636,120.846401,4.041439,0.007086,1052,183.9
190,194560,-79.3680,50.0,0.0000,1.4795,-0.007912,144.096493,4.039036,0.005348,1052,184.8
191,195584,-78.2601,50.0,0.0000,1.4111,-0.009138,145.991758,4.037336,0.007292,1052,185.8
192,196608,-79.5654,50.0,0.0000,1.4775,-0.011622,142.714803,4.030875,0.008339,1052,186.7
193,197632,-80.0618,50.0,0.0000,1.5502,-0.008977,107.462095,4.022115,0.006260,1053,187.7
194,198656,-80.6220,50.0,0.0000,1.5268,-0.009785,130.707928,4.021152,0.008678,1053,188.6
195,199680,-78.7197,50.0,0.0000,1.4469,-0.011152,121.947216,4.022522,0.008512,1053,189.5
196,200704,-77.8111,50.0,0.0000,1.4148,-0.009819,121.449474,4.028305,0.007664,1053,190.5
197,201728,-76.4546,50.0,0.0000,1.3559,-0.006631,131.552905,4.023206,0.004603,1053,191.5
198,202752,-74.8428,50.0,0.0000,1.2752,-0.009995,116.072466,4.012257,0.006886,1053,192.4
199,203776,-73.7862,50.0,0.0000,1.2502,-0.010692,126.928347,4.013241,0.007460,1053,193.4
200,204800,-72.2587,50.0,0.0000,1.2140,-0.007363,128.032689,4.019692,0.005747,1053,194.3
201,205824,-72.6605,50.0,0.0000,1.2414,-0.011907,120.923110,4.022947,0.007845,1054,195.3
202,206848,-71.3379,50.0,0.0000,1.2531,-0.014331,122.747205,4.017717,0.009199,1054,196.2
203,207872,-70.5481,50.0,0.0000,1.2187,-0.012141,112.446037,4.013161,0.009313,1054,197.2
204,208896,-69.4937,50.0,0.0000,1.2462,-0.012855,98.713098,4.005593,0.008473,1054,198.2
205,209920,-69.0080,50.0,0.0000,1.2685,-0.008736,112.493495,3.996597,0.007565,1054,199.1
206,210944,-65.4631,50.0,0.0000,1.2362,-0.009319,96.814071,3.997538,0.006235,1053,200.2
207,211968,-66.0560,50.0,0.0000,1.2385,-0.008856,109.186536,3.997510,0.006307,1053,201.2
208,212992,-65.9136,50.0,0.0000,1.2461,-0.009018,130.073512,4.000819,0.006242,1053,202.2
209,214016,-68.0316,50.0,0.0000,1.2524,-0.011753,127.149964,4.004012,0.007571,1053,203.1
210,215040,-69.5379,50.0,0.0000,1.2984,-0.008061,114.524543,4.006569,0.006755,1053,204.1
211,216064,-72.9278,50.0,0.0000,1.3164,-0.008456,108.998965,4.002894,0.007554,1053,205.0
212,217088,-71.9349,50.0,0.0000,1.2712,-0.009810,109.988853,3.992079,0.007673,1054,205.9
213,218112,-72.2190,50.0,0.0000,1.2490,-0.010028,124.096000,3.990481,0.007817,1054,206.9
214,219136,-71.4584,50.0,0.0000,1.2226,-0.012035,106.042038,3.987316,0.008640,1054,207.8
215,220160,-70.2291,50.0,0.0000,1.1513,-0.010575,117.438763,3.985319,0.008629,1054,208.8
216,221184,-70.1036,50.0,0.0000,1.1579,-0.011586,118.231784,3.987130,0.008048,1054,209.7
217,222208,-69.0126,50.0,0.0000,1.1584,-0.010718,104.599040,3.987702,0.008240,1054,210.7
218,223232,-67.5113,50.0,0.0000,1.2014,-0.010864,105.678235,3.982831,0.008372,1054,211.6
219,224256,-68.2894,50.0,0.0000,1.2185,-0.009832,114.713540,3.972704,0.007068,1055,212.5
220,225280,-69.7272,50.0,0.0000,1.2648,-0.013205,116.983048,3.972729,0.009402,1055,213.5
221,226304,-70.1353,50.0,0.0000,1.2599,-0.009554,113.942589,3.966519,0.007704,1055,214.4
222,227328,-71.5281,50.0,0.0000,1.3064,-0.007380,92.751833,3.953255,0.007171,1055,215.4
223,228352,-72.2537,50.0,0.0000,1.2797,-0.008594,111.644062,3.951575,0.006761,1055,216.3
224,229376,-70.2508,50.0,0.0000,1.2375,-0.010015,93.621427,3.948110,0.007273,1055,217.2
225,230400,-67.8798,50.0,0.0000,1.1394,-0.007744,113.885420,3.945193,0.006033,1056,218.2
226,231424,-66.7073,50.0,0.0000,1.1064,-0.010262,112.026755,3.937601,0.006899,1056,219.1
227,232448,-67.5668,50.0,0.0000,1.1849,-0.007617,104.734660,3.926074,0.006064,1056,220.1
228,233472,-65.7786,50.0,0.0000,1.1708,-0.009425,112.896492,3.916810,0.007490,1056,221.0
229,234496,-67.6917,50.0,0.0000,1.1923,-0.013940,107.705113,3.903115,0.010317,1056,221.9
230,235520,-64.6528,50.0,0.0000,1.1478,-0.006369,102.001444,3.894490,0.005213,1056,222.9
231,236544,-64.2788,50.0,0.0000,1.1544,-0.017141,106.359262,3.898435,0.014930,1056,223.9
232,237568,-63.3033,50.0,0.0000,1.1130,-0.016570,117.883785,3.896021,0.012535,1056,224.8
233,238592,-64.7960,50.0,0.0000,1.1023,-0.016162,99.105752,3.887209,0.010966,1056,225.8
234,239616,-63.1274,50.0,0.0000,1.1113,-0.012248,115.646151,3.884565,0.010382,1057,226.7
235,240640,-65.0102,50.0,0.0000,1.1171,-0.010311,89.165767,3.887766,0.008928,1057,227.6
236,241664,-64.6590,50.0,0.0000,1.1400,-0.007519,99.807017,3.887615,0.005836,1057,228.6
237,242688,-63.8325,50.0,0.0000,1.1307,-0.011886,92.319469,3.881996,0.009797,1056,229.6
238,243712,-64.0386,50.0,0.0000,1.1305,-0.015149,98.287087,3.884494,0.010094,1056,230.7
239,244736,-62.5799,50.0,0.0000,1.0955,-0.009970,96.756171,3.874592,0.006772,1055,231.9
240,245760,-63.2393,50.0,0.0000,1.1156,-0.011298,110.774680,3.866230,0.008071,1055,232.9
241,246784,-62.8498,50.0,0.0000,1.0347,-0.013259,92.992827,3.860902,0.009369,1055,233.9
242,247808,-61.8248,50.0,0.0000,1.0074,-0.009918,96.947348,3.854861,0.008858,1055,234.8
243,248832,-60.7702,50.0,0.0000,0.9775,-0.011178,93.985600,3.851407,0.008713,1055,235.8
244,249856,-61.8838,50.0,0.0000,1.0278,-0.006572,81.285123,3.847522,0.007660,1055,236.8
245,250880,-62.8212,50.0,0.0000,1.0485,-0.007394,103.641539,3.847442,0.006452,1055,237.8
246,251904,-62.3126,50.0,0.0000,1.0758,-0.009142,83.274245,3.842189,0.006736,1055,238.7
247,252928,-61.0871,50.0,0.0000,1.0370,-0.010697,89.968207,3.837897,0.007795,1055,239.7
248,253952,-61.4002,50.0,0.0000,1.0694,-0.005943,89.718398,3.832721,0.005117,1054,240.7
249,254976,-60.9607,50.0,0.0000,1.0156,-0.011258,86.766574,3.828060,0.008447,1054,241.7
250,256000,-58.5525,50.0,0.0000,0.9656,-0.009845,90.379612,3.824987,0.005792,1055,242.7
251,257024,-58.2719,50.0,0.0000,0.9953,-0.008731,82.022115,3.815269,0.007355,1054,243.7
252,258048,-58.7583,50.0,0.0000,1.0190,-0.007434,95.189617,3.807514,0.004953,1054,244.6
253,259072,-58.0575,50.0,0.0000,1.0080,-0.010606,88.581001,3.805650,0.008414,1054,245.6
254,260096,-58.8972,50.0,0.0100,1.0167,-0.008949,99.751062,3.810800,0.007820,1054,246.5
255,261120,-58.5812,50.0,0.0100,1.0159,-0.010919,80.760010,3.808275,0.007010,1055,247.5
256,262144,-59.5909,50.0,0.0100,1.0187,-0.011665,94.741023,3.805432,0.008464,1055,248.4
257,263168,-60.9455,50.0,0.0100,1.0443,-0.011419,93.220906,3.803959,0.007850,1055,249.4
258,264192,-62.4180,50.0,0.0100,1.0734,-0.010388,87.452584,3.799154,0.009518,1055,250.3
259,265216,-62.1712,50.0,0.0000,1.0659,-0.009936,88.394044,3.799400,0.007663,1055,251.4
260,266240,-62.2210,50.0,0.0100,1.0216,-0.012094,77.116279,3.805141,0.008332,1055,252.3
261,267264,-60.7697,50.0,0.0100,0.9767,-0.011682,79.067030,3.807772,0.008773,1055,253.2
262,268288,-59.0910,50.0,0.0100,0.9321,-0.010732,84.613145,3.818120,0.009403,1055,254.2
263,269312,-57.6812,50.0,0.0100,0.8783,-0.009082,90.069827,3.820265,0.007132,1055,255.1
264,270336,-57.1057,50.0,0.0100,0.8957,-0.008502,79.848764,3.820767,0.006243,1055,256.1
265,271360,-58.0799,50.0,0.0000,0.9063,-0.011642,88.835151,3.817746,0.007956,1055,257.0
266,272384,-58.9469,50.0,0.0000,0.9570,-0.008224,87.430132,3.812656,0.006511,1055,258.0
267,273408,-56.8230,50.0,0.0000,0.9239,-0.005450,80.505336,3.812491,0.004985,1055,258.9
268,274432,-56.7264,50.0,0.0100,0.9306,-0.010988,79.027848,3.807659,0.007916,1056,259.9
269,275456,-56.0382,50.0,0.0100,0.9299,-0.009013,76.255157,3.816783,0.008712,1056,260.8
270,276480,-55.5422,50.0,0.0100,0.9425,-0.008594,80.892328,3.822217,0.006688,1056,261.8
271,277504,-55.2858,50.0,0.0100,0.9066,-0.014079,82.886916,3.816507,0.009801,1056,262.7
272,278528,-57.1905,50.0,0.0100,0.9750,-0.007589,83.119209,3.811198,0.006044,1056,263.6
273,279552,-56.8938,50.0,0.0000,0.9610,-0.013321,90.712195,3.809033,0.008813,1056,264.6
274,280576,-58.6885,50.0,0.0000,1.0061,-0.006791,83.396647,3.809266,0.005893,1056,265.5
275,281600,-59.1429,50.0,0.0000,1.0090,-0.009005,76.577261,3.816297,0.005986,1056,266.4
276,282624,-58.3503,50.0,0.0000,1.0516,-0.009046,86.014999,3.813960,0.006690,1056,267.4
277,283648,-56.7912,50.0,0.0000,0.9744,-0.011223,81.763614,3.808728,0.007198,1057,268.3
278,284672,-55.9712,50.0,0.0000,0.9363,-0.007814,82.838967,3.805944,0.006509,1057,269.3
279,285696,-55.6258,50.0,0.0000,0.9363,-0.007918,67.095941,3.802308,0.006705,1057,270.2
280,286720,-56.0723,50.0,0.0000,0.9356,-0.010939,82.077906,3.794341,0.006716,1057,271.2
281,287744,-57.5603,50.0,0.0000,0.9315,-0.016328,81.683970,3.789140,0.012777,1057,272.1
282,288768,-59.5491,50.0,0.0000,0.9730,-0.009361,80.522066,3.787752,0.007448,1057,273.1
283,289792,-58.7224,50.0,0.0000,0.9664,-0.009466,72.782465,3.790422,0.007602,1057,274.1
284,290816,-56.7509,50.0,0.0000,0.9298,-0.008037,87.572889,3.784457,0.005924,1057,275.0
285,291840,-54.8289,50.0,0.0000,0.9248,-0.008757,79.211581,3.770945,0.007402,1057,276.0
286,292864,-54.9034,50.0,0.0000,0.9165,-0.010975,73.800986,3.763355,0.008775,1057,276.9
287,293888,-55.2176,50.0,0.0000,0.8970,-0.005377,77.717560,3.756811,0.005652,1057,277.8
288,294912,-56.6708,50.0,0.0000,0.9170,-0.012785,70.023639,3.749400,0.010226,1057,278.8
289,295936,-57.0383,50.0,0.0000,0.9265,-0.016040,80.388144,3.744290,0.011885,1057,279.8
290,296960,-58.3228,50.0,0.0000,0.9504,-0.014374,80.570412,3.739959,0.009833,1057,280.7
291,297984,-58.8495,50.0,0.0000,0.9402,-0.007323,82.808303,3.737526,0.006719,1057,281.7
292,299008,-57.3064,50.0,0.0000,0.9540,-0.008226,71.290698,3.741149,0.005998,1057,282.7
293,300032,-57.0478,50.0,0.0000,0.9649,-0.011687,75.901702,3.738788,0.008544,1057,283.7
294,301056,-56.5896,50.0,0.0000,0.9602,-0.009494,66.604822,3.734718,0.006459,1057,284.6
295,302080,-55.1373,50.0,0.0000,0.9263,-0.011593,76.749497,3.728067,0.008681,1057,285.6
296,303104,-55.0151,50.0,0.0000,0.9444,-0.005911,68.766346,3.719673,0.006537,1057,286.5
297,304128,-56.3562,50.0,0.0000,0.9628,-0.012093,77.216852,3.717864,0.008744,1057,287.5
298,305152,-56.2926,50.0,0.0000,0.9377,-0.014726,61.462479,3.718669,0.010739,1058,288.4
299,306176,-57.0606,50.0,0.0000,0.9301,-0.007764,75.686117,3.714247,0.006959,1058,289.4
300,307200,-59.0117,50.0,0.0000,0.9667,-0.013805,86.698912,3.712383,0.010512,1058,290.3
301,308224,-57.4670,50.0,0.0100,0.9572,-0.008714,70.913100,3.709076,0.007832,1058,291.3
302,309248,-55.6633,50.0,0.0100,0.9401,-0.010590,67.559268,3.704051,0.009393,1058,292.2
303,310272,-55.4240,50.0,0.0100,0.9355,-0.010953,68.705515,3.695356,0.009781,1058,293.2
304,311296,-56.1123,50.0,0.0100,0.9504,-0.012027,60.139528,3.697073,0.009888,1058,294.1
305,312320,-53.3353,50.0,0.0100,0.9109,-0.007592,62.383166,3.704788,0.007640,1058,295.1
306,313344,-53.8394,50.0,0.0000,0.9026,-0.007399,74.804006,3.707277,0.006046,1058,296.1
307,314368,-54.0006,50.0,0.0000,0.8888,-0.012903,65.819194,3.700826,0.009617,1058,297.0
308,315392,-53.3979,50.0,0.0000,0.8782,-0.008892,77.935145,3.703267,0.007302,1058,298.0
309,316416,-52.5000,50.0,0.0000,0.8886,-0.010024,67.572072,3.715222,0.007803,1058,299.0
310,317440,-53.7125,50.0,0.0000,0.8948,-0.007460,68.297059,3.720701,0.005635,1058,299.9
311,318464,-54.1116,50.0,0.0000,0.9040,-0.015145,71.630227,3.726734,0.010414,1058,300.9
312,319488,-55.1160,50.0,0.0000,0.9385,-0.008920,63.178028,3.723699,0.006657,1058,301.9
313,320512,-55.0124,50.0,0.0000,0.9056,-0.014025,71.548590,3.717203,0.009562,1058,302.8
314,321536,-54.8413,50.0,0.0000,0.8764,-0.012562,66.892718,3.717635,0.008914,1058,303.8
315,322560,-55.5818,50.0,0.0000,0.8935,-0.011209,69.452684,3.718614,0.008863,1058,304.8
316,323584,-54.3620,50.0,0.0000,0.8846,-0.007497,60.782854,3.720878,0.005739,1058,305.7
317,324608,-55.0666,50.0,0.0000,0.8850,-0.008684,78.857273,3.723529,0.006822,1058,306.8
318,325632,-55.7986,50.0,0.0000,0.9200,-0.012007,68.722924,3.725073,0.008496,1057,307.8
319,326656,-54.9369,50.0,0.0000,0.9103,-0.009448,61.650933,3.726912,0.007898,1057,308.8
320,327680,-54.5037,50.0,0.0000,0.9354,-0.012314,65.970968,3.727611,0.009123,1057,309.8
321,328704,-55.6023,50.0,0.0000,0.9534,-0.012342,74.221206,3.725238,0.009382,1057,310.7
322,329728,-54.4555,50.0,0.0000,0.9516,-0.013982,52.201638,3.729011,0.008484,1058,311.6
323,330752,-53.4371,50.0,0.0000,0.9318,-0.011153,66.936554,3.723743,0.009275,1058,312.6
324,331776,-55.2422,50.0,0.0000,0.9484,-0.010869,61.530360,3.719366,0.007426,1058,313.5
325,332800,-55.8290,50.0,0.0000,0.9279,-0.009305,69.487788,3.715560,0.007058,1057,314.6
326,333824,-54.3859,50.0,0.0000,0.8774,-0.012812,64.466946,3.716067,0.010337,1057,315.7
327,334848,-53.6181,50.0,0.0000,0.8555,-0.014695,50.270645,3.718430,0.010634,1057,316.7
328,335872,-52.7668,50.0,0.0000,0.8063,-0.010735,56.026226,3.719539,0.008301,1057,317.7
329,336896,-51.8116,50.0,0.0000,0.7593,-0.008693,49.300848,3.714884,0.008037,1056,318.8
330,337920,-50.2808,50.0,0.0000,0.7278,-0.008216,58.642483,3.712080,0.008244,1056,319.9
331,338944,-50.4691,50.0,0.0000,0.7536,-0.011768,60.291728,3.713715,0.007678,1055,321.0
332,339968,-50.2601,50.0,0.0000,0.7329,-0.009637,58.437791,3.714496,0.008775,1055,322.1
333,340992,-49.7396,50.0,0.0000,0.7369,-0.007308,61.939519,3.717366,0.005698,1055,323.0
334,342016,-50.4443,50.0,0.0000,0.7746,-0.011270,62.050062,3.714136,0.007862,1055,324.1
335,343040,-50.2820,50.0,0.0000,0.7692,-0.009918,49.586379,3.714522,0.007031,1054,325.3
336,344064,-49.6741,50.0,0.0000,0.7617,-0.007789,55.185508,3.719973,0.007332,1054,326.2
337,345088,-50.4163,50.0,0.0000,0.7649,-0.013492,49.065782,3.726487,0.011229,1054,327.2
338,346112,-51.8522,50.0,0.0000,0.7854,-0.007892,55.001081,3.720349,0.005843,1054,328.1
339,347136,-51.4576,50.0,0.0000,0.7975,-0.013044,58.223468,3.715474,0.007748,1055,329.0
340,348160,-52.6983,50.0,0.0000,0.8176,-0.010399,53.133423,3.713637,0.007789,1054,330.0
341,349184,-51.8615,50.0,0.0000,0.8221,-0.007580,61.163959,3.704965,0.006718,1054,331.2
342,350208,-52.3823,50.0,0.0000,0.8797,-0.009118,65.507864,3.699435,0.007211,1053,332.3
343,351232,-52.3016,50.0,0.0000,0.8596,-0.011489,50.556592,3.690372,0.008455,1053,333.3
344,352256,-50.7179,50.0,0.0000,0.8238,-0.008801,48.346548,3.688876,0.006713,1053,334.3
345,353280,-49.2884,50.0,0.0000,0.8371,-0.008722,51.835793,3.688105,0.006483,1053,335.3
346,354304,-48.9737,50.0,0.0000,0.7850,-0.009574,45.415554,3.682909,0.007452,1053,336.2
347,355328,-47.0729,50.0,0.0000,0.7482,-0.014102,53.241405,3.672863,0.011946,1053,337.2
348,356352,-46.8723,50.0,0.0000,0.7736,-0.013118,57.859518,3.668252,0.008494,1054,338.1
349,357376,-47.3892,50.0,0.0100,0.7567,-0.011095,57.032387,3.668937,0.008507,1054,339.0
350,358400,-48.1937,50.0,0.0100,0.7199,-0.012112,51.778439,3.669102,0.007872,1054,340.0
351,359424,-49.4894,50.0,0.0100,0.7318,-0.008757,45.327279,3.670755,0.007550,1054,340.9
352,360448,-49.9026,50.0,0.0100,0.7251,-0.010070,49.698374,3.673959,0.008674,1054,341.9
353,361472,-50.4065,50.0,0.0100,0.7336,-0.011426,39.315576,3.678342,0.009922,1054,342.8
354,362496,-48.5035,50.0,0.0000,0.7361,-0.008292,48.899566,3.674525,0.006738,1054,343.7
355,363520,-48.0569,50.0,0.0000,0.7476,-0.008663,45.220793,3.670892,0.007018,1054,344.7
356,364544,-47.0656,50.0,0.0000,0.7597,-0.007066,39.821216,3.668849,0.006318,1054,345.6
357,365568,-46.5327,50.0,0.0000,0.7717,-0.012444,60.286285,3.666117,0.008863,1054,346.6
358,366592,-47.0382,50.0,0.0000,0.7509,-0.011673,51.992772,3.660270,0.007698,1054,347.5
359,367616,-47.3199,50.0,0.0000,0.7380,-0.008046,45.085966,3.650998,0.006975,1054,348.5
360,368640,-47.8966,50.0,0.0000,0.7198,-0.012172,54.321993,3.646604,0.010660,1055,349.4
361,369664,-49.6033,50.0,0.0000,0.7600,-0.009956,55.405474,3.645723,0.007420,1055,350.3
362,370688,-50.3325,50.0,0.0000,0.7573,-0.015999,54.214215,3.648147,0.010909,1055,351.3
363,371712,-51.7404,50.0,0.0000,0.7803,-0.006087,43.753040,3.653464,0.006377,1055,352.2
364,372736,-53.1943,50.0,0.0000,0.8096,-0.008932,56.751517,3.657878,0.007287,1055,353.1
365,373760,-52.6177,50.0,0.0000,0.8266,-0.009867,52.385950,3.658216,0.007609,1055,354.1
366,374784,-50.3453,50.0,0.0000,0.8091,-0.007193,41.927788,3.656585,0.007556,1055,355.0
367,375808,-47.4525,50.0,0.0000,0.7479,-0.008175,51.500222,3.654013,0.007210,1055,356.0
368,376832,-47.3848,50.0,0.0000,0.7649,-0.010093,56.119745,3.651539,0.007866,1055,356.9
369,377856,-45.9784,50.0,0.0000,0.7409,-0.007830,51.685961,3.653420,0.006348,1055,357.8
370,378880,-46.2581,50.0,0.0000,0.7702,-0.014106,49.171057,3.657661,0.009921,1056,358.8
371,379904,-48.6318,50.0,0.0000,0.8090,-0.009518,50.571551,3.659635,0.008043,1056,359.7
372,380928,-47.7756,50.0,0.0000,0.8343,-0.010663,49.088217,3.663886,0.007282,1056,360.7
373,381952,-46.7766,50.0,0.0000,0.8085,-0.009209,40.486278,3.674886,0.006827,1056,361.6
374,382976,-47.3332,50.0,0.0000,0.7666,-0.010420,46.607368,3.681388,0.007250,1056,362.5
375,384000,-47.7745,50.0,0.0000,0.7484,-0.009862,49.846626,3.682806,0.007829,1056,363.5
376,385024,-47.2051,50.0,0.0000,0.7104,-0.010003,53.266384,3.678263,0.008681,1056,364.4
377,386048,-46.3970,50.0,0.0000,0.7062,-0.006143,39.077752,3.674961,0.005051,1056,365.4
378,387072,-45.9470,50.0,0.0000,0.6788,-0.008079,41.395503,3.664592,0.007018,1056,366.3
379,388096,-46.2000,50.0,0.0000,0.6746,-0.010012,45.902159,3.654050,0.006453,1056,367.3
380,389120,-45.5474,50.0,0.0000,0.6785,-0.008993,45.168054,3.653263,0.008044,1056,368.2
381,390144,-46.0731,50.0,0.0000,0.6626,-0.010865,44.498986,3.656465,0.009231,1056,369.1
382,391168,-47.7834,50.0,0.0000,0.6748,-0.009884,55.925237,3.653781,0.007158,1056,370.1
383,392192,-49.6252,50.0,0.0000,0.7172,-0.014506,47.570773,3.653057,0.009142,1057,371.0
384,393216,-47.3619,50.0,0.0100,0.6863,-0.011573,33.534996,3.648481,0.007792,1056,372.1
385,394240,-48.0437,50.0,0.0100,0.7016,-0.012336,46.595396,3.651087,0.008908,1056,373.0
386,395264,-46.8244,50.0,0.0100,0.6906,-0.010074,35.962399,3.652688,0.007502,1057,373.9
387,396288,-45.1481,50.0,0.0100,0.6976,-0.010649,45.482011,3.651808,0.007791,1057,374.9
388,397312,-44.4000,50.0,0.0100,0.6906,-0.015871,34.422427,3.645462,0.011325,1057,375.8
389,398336,-46.4265,50.0,0.0000,0.7114,-0.014538,36.445617,3.642381,0.009745,1057,376.7
390,399360,-44.5606,50.0,0.0000,0.7130,-0.009109,36.902031,3.649308,0.007517,1057,377.6
391,400384,-43.5895,50.0,0.0000,0.6996,-0.009884,39.613547,3.658777,0.007919,1057,378.6
392,401408,-42.4343,50.0,0.0000,0.6568,-0.008016,37.041499,3.662967,0.006421,1057,379.5
393,402432,-43.0873,50.0,0.0000,0.6473,-0.008273,32.732063,3.666705,0.006677,1057,380.4
394,403456,-43.3692,50.0,0.0100,0.6381,-0.009480,35.884387,3.663599,0.007637,1057,381.4
395,404480,-43.8847,50.0,0.0100,0.6402,-0.016808,40.315149,3.660662,0.011223,1057,382.3
396,405504,-44.6158,50.0,0.0100,0.6246,-0.013757,35.299209,3.661160,0.009883,1058,383.3
397,406528,-45.9785,50.0,0.0100,0.6437,-0.010778,46.321810,3.658440,0.008015,1058,384.2
398,407552,-47.2973,50.0,0.0100,0.6726,-0.013444,41.257549,3.658387,0.010495,1058,385.1
399,408576,-47.0062,50.0,0.0000,0.6774,-0.007849,36.109787,3.661591,0.006948,1058,386.1
400,409600,-47.5680,50.0,0.0000,0.7080,-0.015951,45.854495,3.651084,0.011783,1058,387.0
401,410624,-46.6570,50.0,0.0000,0.7147,-0.012833,35.294719,3.645307,0.008014,1058,388.0
402,411648,-45.5511,50.0,0.0000,0.6992,-0.011203,43.103152,3.642735,0.008505,1058,388.9
403,412672,-45.7225,50.0,0.0000,0.7138,-0.008404,40.933304,3.643819,0.007050,1058,389.9
404,413696,-45.3675,50.0,0.0000,0.7037,-0.010519,26.574357,3.645476,0.008788,1058,390.8
405,414720,-43.3288,50.0,0.0000,0.6332,-0.009329,36.052228,3.646656,0.008415,1058,391.7
406,415744,-44.0710,50.0,0.0000,0.6642,-0.013859,35.151183,3.648017,0.010156,1058,392.7
407,416768,-43.6416,50.0,0.0000,0.6455,-0.013164,37.441946,3.641128,0.009847,1058,393.6
408,417792,-43.0872,50.0,0.0000,0.6199,-0.009341,42.495295,3.630053,0.008288,1058,394.5
409,418816,-45.3687,50.0,0.0000,0.6635,-0.011835,39.298373,3.622373,0.010127,1059,395.5
410,419840,-45.2881,50.0,0.0000,0.6612,-0.010131,34.139246,3.623527,0.009558,1059,396.4
411,420864,-46.0597,50.0,0.0000,0.6370,-0.012188,35.739251,3.623980,0.009174,1059,397.4
412,421888,-46.4662,50.0,0.0000,0.6595,-0.008788,40.467920,3.628680,0.006389,1059,398.3
413,422912,-47.6709,50.0,0.0100,0.6672,-0.013096,37.266195,3.638097,0.010227,1059,399.2
414,423936,-45.7006,50.0,0.0100,0.6151,-0.013061,32.281223,3.645077,0.011801,1059,400.2
415,424960,-45.3261,50.0,0.0200,0.6105,-0.013347,26.096741,3.648876,0.010922,1059,401.1
416,425984,-45.1327,50.0,0.0200,0.6311,-0.011234,34.674388,3.640624,0.010771,1059,402.0
417,427008,-45.0285,50.0,0.0100,0.6122,-0.008606,38.378839,3.634680,0.007073,1059,403.0
418,428032,-41.6892,50.0,0.0100,0.5762,-0.010922,33.118997,3.627014,0.007727,1059,404.0
419,429056,-41.4715,50.0,0.0100,0.5883,-0.008415,30.689330,3.621545,0.006325,1059,404.9
420,430080,-41.3716,50.0,0.0000,0.5783,-0.012167,25.701870,3.617111,0.009594,1059,405.9
421,431104,-41.2814,50.0,0.0000,0.5636,-0.014780,35.709962,3.621112,0.011268,1059,406.8
422,432128,-41.2129,50.0,0.0000,0.5483,-0.008533,29.425257,3.623033,0.005818,1059,407.8
423,433152,-42.4901,50.0,0.0000,0.5653,-0.008247,29.078064,3.625866,0.006211,1059,408.7
424,434176,-43.0438,50.0,0.0000,0.5824,-0.009380,31.081112,3.631612,0.009401,1059,409.7
425,435200,-44.6800,50.0,0.0000,0.6296,-0.006807,41.761890,3.635182,0.006190,1059,410.6
426,436224,-42.8691,50.0,0.0000,0.6098,-0.011913,24.554655,3.633724,0.009907,1059,411.6
427,437248,-42.7380,50.0,0.0000,0.6210,-0.013380,27.894206,3.634368,0.010460,1059,412.5
428,438272,-44.4612,50.0,0.0000,0.6337,-0.009091,35.081522,3.635156,0.006492,1060,413.4
429,439296,-44.6894,50.0,0.0000,0.5902,-0.012750,31.159375,3.632369,0.008715,1060,414.4
430,440320,-45.5282,50.0,0.0000,0.5891,-0.011022,34.573581,3.628071,0.008024,1060,415.3
431,441344,-46.4096,50.0,0.0200,0.6130,-0.012141,29.880471,3.626637,0.009299,1060,416.3
432,442368,-45.9246,50.0,0.0200,0.6073,-0.006794,32.645603,3.621084,0.005281,1060,417.2
433,443392,-45.0586,50.0,0.0200,0.5908,-0.009002,23.204443,3.617456,0.006989,1060,418.2
434,444416,-43.2224,50.0,0.0200,0.6042,-0.009505,26.922685,3.614135,0.007822,1060,419.1
435,445440,-41.8444,50.0,0.0100,0.5847,-0.011387,21.795858,3.610067,0.009149,1060,420.0
436,446464,-41.0059,50.0,0.0100,0.5357,-0.009802,29.429916,3.611475,0.010187,1060,421.0
437,447488,-40.4398,50.0,0.0100,0.5467,-0.011182,24.107010,3.617253,0.009018,1060,421.9
438,448512,-39.8660,50.0,0.0100,0.5623,-0.017660,26.543421,3.620226,0.013077,1060,422.9
439,449536,-41.2608,50.0,0.0100,0.5750,-0.009909,37.801855,3.620209,0.007398,1060,423.8
440,450560,-41.5200,50.0,0.0200,0.5731,-0.009938,27.682731,3.618692,0.007051,1060,424.7
441,451584,-42.5360,50.0,0.0100,0.6094,-0.011179,30.747665,3.618625,0.010504,1060,425.6
442,452608,-42.7429,50.0,0.0100,0.6195,-0.011121,27.228239,3.615959,0.007250,1061,426.6
443,453632,-43.7013,50.0,0.0200,0.6058,-0.015007,23.995960,3.603995,0.009198,1061,427.5
444,454656,-42.8005,50.0,0.0200,0.5662,-0.008033,29.938737,3.599674,0.007230,1061,428.5
445,455680,-43.1151,50.0,0.0100,0.6094,-0.011454,27.338242,3.599569,0.009583,1061,429.4
446,456704,-41.9091,50.0,0.0100,0.5844,-0.010623,20.449535,3.602949,0.007756,1061,430.3
447,457728,-42.0090,50.0,0.0100,0.5639,-0.012319,20.273549,3.606567,0.007223,1061,431.3
448,458752,-41.6621,50.0,0.0100,0.5693,-0.012963,30.473577,3.609395,0.008968,1061,432.3
449,459776,-41.1102,50.0,0.0100,0.5786,-0.009478,20.899361,3.608704,0.008097,1061,433.2
450,460800,-40.5605,50.0,0.0100,0.5674,-0.010297,26.238414,3.617721,0.007831,1061,434.1
451,461824,-40.8210,50.0,0.0100,0.5833,-0.013507,24.381193,3.613814,0.008684,1061,435.1
452,462848,-41.2886,50.0,0.0100,0.5725,-0.012037,20.460421,3.607755,0.009724,1061,436.1
453,463872,-40.5960,50.0,0.0000,0.5657,-0.016849,19.497123,3.608920,0.010551,1061,437.0
454,464896,-42.3625,50.0,0.0000,0.6291,-0.013088,31.259138,3.609359,0.009320,1061,437.9
455,465920,-42.2977,50.0,0.0000,0.6021,-0.012910,24.209748,3.607237,0.009691,1061,438.9
456,466944,-41.0459,50.0,0.0000,0.5704,-0.010405,33.354861,3.600587,0.006585,1061,439.9
457,467968,-42.1261,50.0,0.0000,0.5957,-0.011377,24.261619,3.597703,0.010895,1061,440.8
458,468992,-43.3267,50.0,0.0000,0.6169,-0.012839,32.491071,3.598517,0.009860,1061,441.8
459,470016,-42.1751,50.0,0.0000,0.5791,-0.006541,21.960783,3.595132,0.008065,1061,442.7
460,471040,-41.7543,50.0,0.0000,0.5568,-0.010004,15.471301,3.593866,0.009474,1061,443.6
461,472064,-40.2480,50.0,0.0000,0.5410,-0.006528,22.107783,3.595036,0.005798,1061,444.6
462,473088,-39.8542,50.0,0.0000,0.5573,-0.014204,17.138980,3.588724,0.010225,1061,445.5
463,474112,-38.2690,50.0,0.0000,0.5396,-0.011301,23.608323,3.585389,0.008478,1061,446.5
464,475136,-39.8770,50.0,0.0000,0.5275,-0.005325,19.562389,3.584360,0.005968,1061,447.4
465,476160,-40.3507,50.0,0.0000,0.5426,-0.012060,17.640933,3.580720,0.008781,1061,448.5
466,477184,-40.0546,50.0,0.0000,0.5324,-0.013743,19.388852,3.575755,0.011575,1061,449.4
467,478208,-40.3937,50.0,0.0000,0.5541,-0.006239,26.494849,3.576583,0.006431,1061,450.4
468,479232,-39.8092,50.0,0.0100,0.5502,-0.009342,20.868238,3.577248,0.008109,1061,451.3
469,480256,-38.8737,50.0,0.0100,0.5769,-0.009988,24.439890,3.573110,0.008398,1061,452.2
470,481280,-39.6562,50.0,0.0100,0.5694,-0.012359,19.105951,3.567898,0.009402,1062,453.2
471,482304,-40.8329,50.0,0.0100,0.5806,-0.009457,18.573005,3.565693,0.007789,1062,454.1
472,483328,-42.5775,50.0,0.0100,0.5891,-0.007784,29.769733,3.562714,0.005555,1062,455.1
473,484352,-43.1415,50.0,0.0000,0.5829,-0.014047,29.454932,3.561040,0.010887,1061,456.1
474,485376,-43.2144,50.0,0.0000,0.5743,-0.010393,24.097811,3.566896,0.008405,1061,457.1
475,486400,-43.6915,50.0,0.0000,0.5891,-0.011621,23.434805,3.575548,0.007444,1061,458.1
476,487424,-43.7897,50.0,0.0000,0.5917,-0.013667,17.160224,3.575675,0.009700,1061,459.1
477,488448,-42.9464,50.0,0.0000,0.5766,-0.008127,21.362358,3.574733,0.007316,1061,460.1
478,489472,-41.8007,50.0,0.0000,0.5569,-0.006546,18.271449,3.573857,0.005330,1061,461.1
479,490496,-42.7924,50.0,0.0100,0.5674,-0.013684,22.110894,3.572409,0.010529,1061,462.1
480,491520,-43.8202,50.0,0.0100,0.5756,-0.015054,23.713673,3.571356,0.011011,1061,463.1
481,492544,-43.6061,50.0,0.0100,0.5983,-0.010559,29.675781,3.571500,0.008507,1061,464.0
482,493568,-44.7076,50.0,0.0100,0.6418,-0.013676,26.742372,3.572392,0.009672,1061,464.9
483,494592,-45.3810,50.0,0.0100,0.6525,-0.012584,19.919729,3.571824,0.009685,1061,465.9
484,495616,-45.1046,50.0,0.0000,0.6438,-0.009981,22.848592,3.571446,0.007510,1061,466.8
485,496640,-45.7636,50.0,0.0000,0.6423,-0.009602,19.591082,3.571916,0.006724,1061,467.8
486,497664,-44.1811,50.0,0.0100,0.5734,-0.014051,20.785858,3.569521,0.008794,1061,468.8
487,498688,-42.1939,50.0,0.0200,0.5366,-0.013564,20.292783,3.567168,0.010558,1061,469.8
488,499712,-42.2426,50.0,0.0200,0.5549,-0.009661,24.153406,3.568113,0.006180,1061,470.8
489,500736,-42.2786,50.0,0.0200,0.5972,-0.011048,24.897040,3.567555,0.008254,1061,471.8
490,501760,-41.6908,50.0,0.0300,0.6285,-0.012387,21.951965,3.566283,0.008165,1061,472.7
491,502784,-41.5231,50.0,0.0200,0.6417,-0.008659,16.455294,3.568074,0.005275,1061,473.7
492,503808,-42.1485,50.0,0.0200,0.6518,-0.008075,13.951185,3.570834,0.007337,1061,474.6
493,504832,-41.5405,50.0,0.0200,0.6499,-0.007379,23.219886,3.565090,0.005860,1061,475.6
494,505856,-41.0357,50.0,0.0200,0.6201,-0.007851,23.624510,3.558066,0.006691,1061,476.6
495,506880,-39.5630,50.0,0.0100,0.5796,-0.015484,15.015367,3.555184,0.012148,1061,477.6
496,507904,-40.7793,50.0,0.0000,0.5860,-0.008943,17.010631,3.557209,0.006009,1061,478.6
497,508928,-40.5116,50.0,0.0000,0.5808,-0.009558,20.132009,3.555986,0.006803,1061,479.6
498,509952,-40.4961,50.0,0.0100,0.5832,-0.010682,23.866315,3.556481,0.008849,1061,480.6
499,510976,-40.4136,50.0,0.0100,0.5861,-0.012661,21.591483,3.555769,0.008570,1060,481.6
500,512000,-40.6517,50.0,0.0100,0.5722,-0.008452,21.775844,3.557313,0.005877,1060,482.6
501,513024,-41.6334,50.0,0.0100,0.6092,-0.008197,23.661186,3.555816,0.006039,1060,483.7
502,514048,-41.3758,50.0,0.0100,0.6020,-0.013959,19.004112,3.552838,0.008314,1060,484.7
503,515072,-40.8293,50.0,0.0000,0.5945,-0.013354,12.857451,3.554527,0.010089,1060,485.6
504,516096,-42.7307,50.0,0.0000,0.6128,-0.009891,28.437558,3.557412,0.006226,1060,486.6
505,517120,-41.6599,50.0,0.0200,0.5900,-0.009627,15.756867,3.558850,0.007961,1060,487.6
506,518144,-41.2695,50.0,0.0200,0.5421,-0.009931,19.827968,3.560517,0.007314,1060,488.6
507,519168,-41.8428,50.0,0.0200,0.5695,-0.009490,18.123791,3.559106,0.006330,1060,489.7
508,520192,-42.8205,50.0,0.0200,0.5864,-0.011541,22.413452,3.561350,0.006820,1060,490.7
509,521216,-40.3470,50.0,0.0100,0.5674,-0.008932,16.383358,3.565599,0.007714,1059,491.8
510,522240,-41.4591,50.0,0.0000,0.6209,-0.006788,26.910209,3.567611,0.004562,1059,492.9
511,523264,-40.5528,50.0,0.0000,0.6306,-0.012201,13.884112,3.570706,0.009083,1059,493.9
512,524288,-40.8840,50.0,0.0000,0.6017,-0.012345,23.587206,3.569143,0.007982,1059,494.9
513,525312,-40.6917,50.0,0.0000,0.5735,-0.008381,17.715591,3.567315,0.007158,1059,495.9
514,526336,-41.2303,50.0,0.0000,0.5961,-0.007446,20.578842,3.564632,0.005180,1059,496.9
515,527360,-40.2382,50.0,0.0000,0.5470,-0.007016,13.806149,3.560595,0.006730,1059,497.9
516,528384,-39.7629,50.0,0.0000,0.5338,-0.012195,12.280548,3.559710,0.008075,1059,498.8
517,529408,-39.0189,50.0,0.0100,0.5303,-0.008945,15.016457,3.560201,0.006352,1059,499.8
518,530432,-38.7147,50.0,0.0100,0.5166,-0.010290,16.586936,3.555735,0.006497,1059,500.8
519,531456,-39.4306,50.0,0.0100,0.5378,-0.010072,30.823434,3.551093,0.007160,1058,501.9
520,532480,-38.8918,50.0,0.0100,0.5422,-0.013986,17.135195,3.546757,0.008718,1058,502.9
521,533504,-40.0555,50.0,0.0100,0.5395,-0.009669,11.550872,3.543476,0.007819,1058,503.8
522,534528,-40.4886,50.0,0.0000,0.5482,-0.006963,20.758847,3.536624,0.004600,1058,504.8
523,535552,-40.3636,50.0,0.0000,0.5627,-0.009333,13.092133,3.534741,0.006865,1058,505.8
524,536576,-39.6849,50.0,0.0000,0.5224,-0.010214,16.910389,3.535908,0.008240,1058,506.8
525,537600,-39.4968,50.0,0.0000,0.5154,-0.009140,17.689009,3.533811,0.006856,1058,507.8
526,538624,-39.7401,50.0,0.0000,0.5549,-0.010920,20.380719,3.531072,0.006853,1058,508.8
527,539648,-38.9044,50.0,0.0100,0.5325,-0.012010,13.639777,3.530140,0.008397,1058,509.8
528,540672,-38.6552,50.0,0.0100,0.5208,-0.012179,12.425877,3.531526,0.007929,1058,510.8
529,541696,-39.5894,50.0,0.0100,0.5071,-0.012003,14.923471,3.528503,0.008313,1058,511.8
530,542720,-39.2191,50.0,0.0200,0.5183,-0.012204,12.775117,3.524106,0.008859,1058,512.9
531,543744,-38.8368,50.0,0.0200,0.4790,-0.010794,11.329100,3.515915,0.007595,1057,514.0
532,544768,-38.6076,50.0,0.0100,0.4787,-0.009798,17.960505,3.512548,0.008665,1057,515.1
533,545792,-38.5364,50.0,0.0100,0.4772,-0.007261,15.568582,3.512996,0.005779,1057,516.1
534,546816,-38.5366,50.0,0.0100,0.5319,-0.011438,14.691823,3.512367,0.008780,1057,517.2
535,547840,-37.6944,50.0,0.0100,0.5248,-0.013125,19.894177,3.512202,0.009638,1057,518.2
536,548864,-38.7481,50.0,0.0100,0.5441,-0.009314,16.035793,3.508494,0.006814,1057,519.2
537,549888,-37.8457,50.0,0.0100,0.5349,-0.012673,13.255137,3.506492,0.009350,1056,520.3
538,550912,-39.2084,50.0,0.0100,0.5414,-0.009761,18.784868,3.500460,0.006134,1056,521.3
539,551936,-38.9446,50.0,0.0100,0.5158,-0.006265,17.120504,3.497888,0.004504,1056,522.3
540,552960,-39.4701,50.0,0.0000,0.5130,-0.015051,9.975136,3.498034,0.009615,1056,523.3
541,553984,-38.4206,50.0,0.0000,0.5115,-0.008281,16.393610,3.499866,0.005680,1056,524.3
542,555008,-38.6747,50.0,0.0000,0.5031,-0.011063,15.425364,3.497262,0.007804,1056,525.3
543,556032,-37.2335,50.0,0.0000,0.4982,-0.006348,23.321837,3.492926,0.006316,1056,526.4
544,557056,-37.3234,50.0,0.0000,0.5201,-0.011580,17.772168,3.493931,0.007653,1056,527.5
545,558080,-38.6043,50.0,0.0000,0.5209,-0.008018,14.985178,3.497957,0.006179,1055,528.5
546,559104,-39.7260,50.0,0.0000,0.5193,-0.015861,13.907580,3.498617,0.011355,1055,529.5
547,560128,-39.8124,50.0,0.0000,0.5299,-0.007793,26.773834,3.496692,0.006434,1056,530.4
548,561152,-39.7559,50.0,0.0000,0.5372,-0.010306,19.747562,3.494903,0.006230,1055,531.4
549,562176,-39.3781,50.0,0.0000,0.4908,-0.012382,14.929191,3.494658,0.009731,1055,532.4
550,563200,-37.4325,50.0,0.0000,0.4969,-0.011202,11.294678,3.494912,0.006953,1055,533.4
551,564224,-36.8665,50.0,0.0000,0.4884,-0.009223,11.489197,3.488158,0.007441,1055,534.3
552,565248,-37.1212,50.0,0.0000,0.5037,-0.008939,14.321413,3.479007,0.007236,1055,535.3
553,566272,-36.9627,50.0,0.0000,0.4834,-0.012975,16.479030,3.476112,0.009958,1055,536.3
554,567296,-37.1488,50.0,0.0000,0.4671,-0.008074,11.291969,3.473757,0.006327,1055,537.3
555,568320,-38.6014,50.0,0.0000,0.4815,-0.009257,9.925116,3.475504,0.006506,1055,538.3
556,569344,-37.9368,50.0,0.0000,0.4790,-0.013412,7.527225,3.475299,0.009895,1055,539.3
557,570368,-37.0759,50.0,0.0000,0.4789,-0.011753,16.079401,3.470409,0.008278,1055,540.3
558,571392,-36.0354,50.0,0.0000,0.4730,-0.012267,15.589014,3.467544,0.007465,1055,541.4
559,572416,-37.3270,50.0,0.0000,0.5144,-0.009617,18.571858,3.466998,0.005521,1055,542.4
560,573440,-37.1966,50.0,0.0000,0.5173,-0.010916,10.324240,3.466655,0.007639,1055,543.3
561,574464,-39.5255,50.0,0.0000,0.5413,-0.010093,23.303095,3.465786,0.008183,1055,544.3
562,575488,-40.2434,50.0,0.0000,0.5257,-0.011434,16.318477,3.464911,0.006802,1055,545.3
563,576512,-41.3484,50.0,0.0000,0.5331,-0.013072,14.253532,3.465560,0.010493,1055,546.3
564,577536,-39.7350,50.0,0.0100,0.4991,-0.009414,10.643563,3.462152,0.007430,1055,547.3
565,578560,-40.8431,50.0,0.0200,0.5119,-0.008806,12.574079,3.460177,0.006300,1055,548.3
566,579584,-40.1738,50.0,0.0200,0.5098,-0.010864,20.483812,3.461971,0.007353,1055,549.3
567,580608,-40.6370,50.0,0.0300,0.5256,-0.008506,21.710581,3.462487,0.006975,1055,550.2
568,581632,-40.7322,50.0,0.0300,0.5672,-0.009534,22.737340,3.463113,0.006860,1055,551.2
569,582656,-42.0439,50.0,0.0200,0.6163,-0.009966,26.649076,3.460992,0.006527,1055,552.2
570,583680,-41.0744,50.0,0.0100,0.5974,-0.010167,7.818465,3.459765,0.008230,1055,553.2
571,584704,-41.2028,50.0,0.0100,0.6082,-0.006551,16.907586,3.459272,0.005780,1055,554.2
572,585728,-39.9729,50.0,0.0000,0.5762,-0.011432,10.028996,3.456143,0.009559,1055,555.2
573,586752,-39.7811,50.0,0.0000,0.5428,-0.011141,13.676252,3.450745,0.007386,1054,556.2
574,587776,-38.0225,50.0,0.0000,0.4865,-0.005331,14.052670,3.447059,0.004924,1054,557.2
575,588800,-38.0616,50.0,0.0100,0.4676,-0.011448,8.736937,3.445810,0.007142,1054,558.2
576,589824,-37.5137,50.0,0.0100,0.4317,-0.015352,14.810148,3.443292,0.009460,1054,559.2
577,590848,-37.3849,50.0,0.0100,0.4542,-0.010047,18.171401,3.438432,0.008097,1054,560.2
578,591872,-38.5561,50.0,0.0100,0.4487,-0.015735,15.166507,3.435223,0.010404,1054,561.2
579,592896,-38.9803,50.0,0.0100,0.4441,-0.010063,9.722245,3.429387,0.006316,1054,562.2
580,593920,-40.7642,50.0,0.0100,0.4958,-0.007818,14.049923,3.422320,0.005240,1054,563.2
581,594944,-39.4975,50.0,0.0100,0.4972,-0.007936,12.038171,3.419069,0.007365,1054,564.2
582,595968,-39.5218,50.0,0.0100,0.4839,-0.012476,11.248360,3.413065,0.008617,1054,565.2
583,596992,-38.1552,50.0,0.0100,0.4622,-0.013132,8.754706,3.409895,0.010514,1054,566.2
584,598016,-37.4285,50.0,0.0200,0.4650,-0.009939,14.617841,3.409222,0.007938,1054,567.2
585,599040,-36.0037,50.0,0.0100,0.4459,-0.007872,10.301153,3.411082,0.005668,1054,568.2
586,600064,-38.1253,50.0,0.0100,0.4731,-0.008240,24.468851,3.415236,0.006290,1054,569.2
587,601088,-38.0224,50.0,0.0100,0.5112,-0.011822,15.851730,3.415433,0.008295,1054,570.2
588,602112,-38.7301,50.0,0.0100,0.5202,-0.011881,15.520619,3.411755,0.007139,1054,571.2
589,603136,-39.6888,50.0,0.0000,0.5448,-0.012370,14.821874,3.408482,0.008298,1054,572.2
590,604160,-39.3433,50.0,0.0000,0.5420,-0.008483,16.237957,3.405827,0.006761,1053,573.3
591,605184,-37.8379,50.0,0.0000,0.5482,-0.006301,17.264261,3.402066,0.004963,1053,574.3
592,606208,-37.9324,50.0,0.0000,0.5473,-0.007829,32.500649,3.400407,0.004889,1053,575.4
593,607232,-37.9557,50.0,0.0000,0.5647,-0.010583,27.158388,3.399737,0.006927,1053,576.3
594,608256,-37.2832,50.0,0.0000,0.5431,-0.007712,8.297405,3.400782,0.007207,1053,577.3
595,609280,-37.2727,50.0,0.0000,0.5207,-0.009941,14.331712,3.399643,0.008560,1053,578.3
596,610304,-38.0768,50.0,0.0000,0.5231,-0.008531,20.953638,3.399142,0.009425,1053,579.2
597,611328,-38.4478,50.0,0.0000,0.5257,-0.004151,14.547135,3.399153,0.004712,1053,580.2
598,612352,-38.0309,50.0,0.0000,0.5427,-0.011045,14.546143,3.397183,0.007018,1053,581.2
599,613376,-38.6051,50.0,0.0000,0.5483,-0.011489,9.707145,3.393258,0.007451,1053,582.3
600,614400,-38.0553,50.0,0.0000,0.5319,-0.011757,13.537293,3.390741,0.008678,1053,583.3
601,615424,-37.9064,50.0,0.0000,0.5444,-0.010285,14.017746,3.392603,0.007245,1053,584.2
602,616448,-36.4528,50.0,0.0000,0.5011,-0.011361,8.782642,3.394218,0.008203,1053,585.2
603,617472,-35.1858,50.0,0.0000,0.4762,-0.010081,8.119381,3.393294,0.007232,1053,586.2
604,618496,-35.9313,50.0,0.0000,0.4918,-0.010013,11.300717,3.390543,0.006703,1053,587.2
605,619520,-35.4661,50.0,0.0000,0.4973,-0.010687,20.455509,3.386919,0.008356,1053,588.1
606,620544,-36.0845,50.0,0.0000,0.4967,-0.007799,22.018234,3.387607,0.005771,1053,589.1
607,621568,-37.4283,50.0,0.0000,0.4971,-0.009676,22.781633,3.387159,0.006717,1053,590.1
608,622592,-38.7631,50.0,0.0000,0.5288,-0.014474,14.336651,3.384846,0.007921,1053,591.1
609,623616,-39.1034,50.0,0.0000,0.5217,-0.008598,9.752548,3.382163,0.005599,1053,592.1
610,624640,-39.5288,50.0,0.0100,0.5625,-0.010425,14.179447,3.381296,0.007935,1053,593.1
611,625664,-37.7187,50.0,0.0100,0.5234,-0.009155,11.958831,3.379338,0.007585,1053,594.0
612,626688,-38.3703,50.0,0.0300,0.4951,-0.007832,18.370277,3.376937,0.008532,1053,595.0
613,627712,-38.8695,50.0,0.0300,0.5456,-0.009844,17.567625,3.374955,0.007251,1053,596.0
614,628736,-38.2731,50.0,0.0300,0.5628,-0.014594,11.046947,3.374029,0.008569,1053,596.9
615,629760,-38.8306,50.0,0.0300,0.5323,-0.006604,22.089323,3.372894,0.005579,1053,597.9
616,630784,-39.6304,50.0,0.0300,0.5382,-0.009184,21.479902,3.374868,0.005936,1053,598.9
617,631808,-40.2538,50.0,0.0200,0.5854,-0.013848,18.102858,3.372908,0.009872,1053,599.9
618,632832,-39.0343,50.0,0.0200,0.5288,-0.010055,17.425242,3.372722,0.007112,1053,600.9
619,633856,-39.2440,50.0,0.0200,0.5354,-0.010540,18.248561,3.372677,0.007271,1053,601.9
620,634880,-39.9426,50.0,0.0200,0.5238,-0.008661,19.487935,3.371361,0.005680,1053,602.8
621,635904,-40.1671,50.0,0.0100,0.5742,-0.010447,22.642186,3.370086,0.006031,1053,603.8
622,636928,-40.3274,50.0,0.0200,0.5262,-0.013610,14.347746,3.367833,0.008469,1053,604.8
623,637952,-40.7535,50.0,0.0200,0.5532,-0.009066,11.372996,3.366223,0.006340,1053,605.8
624,638976,-42.2962,50.0,0.0200,0.5770,-0.007135,28.907826,3.363932,0.005594,1053,606.7
625,640000,-39.9707,50.0,0.0100,0.5376,-0.009830,17.424476,3.364403,0.006890,1053,607.7
626,641024,-38.7384,50.0,0.0100,0.5134,-0.011802,12.103967,3.364236,0.009438,1053,608.7
627,642048,-37.0024,50.0,0.0100,0.5275,-0.007668,10.948298,3.363477,0.006766,1053,609.7
628,643072,-36.7102,50.0,0.0100,0.4976,-0.010460,8.874182,3.365781,0.006868,1053,610.6
629,644096,-35.1963,50.0,0.0400,0.4243,-0.008656,10.477400,3.363841,0.006686,1053,611.6
630,645120,-36.1723,50.0,0.0500,0.4333,-0.008879,13.605137,3.361562,0.007379,1053,612.6
631,646144,-38.0448,50.0,0.0600,0.4703,-0.013396,15.968608,3.361760,0.007554,1053,613.6
632,647168,-40.3301,50.0,0.0600,0.4850,-0.011219,15.060627,3.359456,0.006301,1053,614.6
633,648192,-40.6536,50.0,0.0600,0.5352,-0.010797,21.344509,3.357452,0.007828,1053,615.6
634,649216,-41.2598,50.0,0.0200,0.5525,-0.012822,15.594102,3.358560,0.008197,1053,616.5
635,650240,-40.8514,50.0,0.0200,0.5883,-0.010311,21.785895,3.359603,0.006233,1052,617.5
636,651264,-40.2840,50.0,0.0100,0.5801,-0.012932,7.907456,3.358404,0.008761,1052,618.5
637,652288,-40.7413,50.0,0.0000,0.5772,-0.009471,23.742076,3.357800,0.006683,1052,619.5
638,653312,-41.3291,50.0,0.0000,0.5485,-0.008067,19.344937,3.356961,0.004602,1052,620.5
639,654336,-40.5883,50.0,0.0100,0.5628,-0.009823,12.294568,3.352594,0.008070,1052,621.5
640,655360,-40.5921,50.0,0.0200,0.5370,-0.008226,15.278077,3.347082,0.005165,1052,622.5
641,656384,-41.2808,50.0,0.0200,0.5177,-0.010909,18.617952,3.345489,0.008354,1052,623.5
642,657408,-38.8715,50.0,0.0200,0.5271,-0.006829,11.442821,3.343763,0.004599,1052,624.4
643,658432,-38.9394,50.0,0.0200,0.5402,-0.012335,12.245582,3.342394,0.008181,1052,625.4
644,659456,-38.2734,50.0,0.0000,0.5274,-0.008052,8.239441,3.343135,0.008286,1052,626.4
645,660480,-37.2725,50.0,0.0000,0.4976,-0.012055,13.212196,3.342345,0.008778,1052,627.4
646,661504,-36.1817,50.0,0.0200,0.4888,-0.011204,10.265770,3.341262,0.007856,1052,628.4
647,662528,-37.4032,50.0,0.0300,0.4918,-0.008414,15.203782,3.339696,0.006689,1052,629.3
648,663552,-38.3643,50.0,0.0500,0.4577,-0.010486,23.043955,3.336810,0.006528,1052,630.3
649,664576,-37.2565,50.0,0.0600,0.4397,-0.011108,7.851628,3.334538,0.007310,1052,631.3
650,665600,-38.2817,50.0,0.0400,0.4561,-0.011866,19.397736,3.333002,0.007704,1052,632.3
651,666624,-38.6392,50.0,0.0400,0.4664,-0.013882,19.679692,3.334202,0.008988,1052,633.2
652,667648,-37.8351,50.0,0.0200,0.4479,-0.009881,13.540622,3.334491,0.006663,1052,634.2
653,668672,-37.2541,50.0,0.0200,0.4884,-0.010778,25.782821,3.336525,0.005007,1052,635.2
654,669696,-38.1443,50.0,0.0100,0.4867,-0.010801,6.711361,3.336374,0.008935,1052,636.2
655,670720,-38.5357,50.0,0.0400,0.5065,-0.011183,16.511892,3.332320,0.006520,1052,637.1
656,671744,-37.4570,50.0,0.0400,0.4749,-0.005015,8.877666,3.327955,0.006196,1052,638.1
657,672768,-37.9489,50.0,0.0400,0.4981,-0.008447,17.559116,3.324802,0.005624,1052,639.1
658,673792,-38.8732,50.0,0.0300,0.4722,-0.008986,14.108982,3.322438,0.006817,1052,640.1
659,674816,-38.2966,50.0,0.0200,0.5056,-0.011172,13.248089,3.322010,0.006470,1052,641.1
660,675840,-38.3679,50.0,0.0000,0.5071,-0.012594,15.992766,3.319858,0.008626,1052,642.1
661,676864,-38.5373,50.0,0.0000,0.5499,-0.010322,15.974134,3.314557,0.007538,1052,643.1
662,677888,-36.7047,50.0,0.0000,0.5112,-0.012578,6.731999,3.310365,0.008421,1052,644.0
663,678912,-36.6273,50.0,0.0000,0.5086,-0.012047,12.839446,3.309833,0.007721,1052,645.0
664,679936,-37.4079,50.0,0.0000,0.5137,-0.008202,16.071765,3.309250,0.005923,1052,646.0
665,680960,-37.6629,50.0,0.0000,0.5116,-0.012323,13.025647,3.306055,0.006985,1052,647.0
666,681984,-38.2783,50.0,0.0000,0.5093,-0.011290,13.616895,3.302714,0.006855,1052,648.0
667,683008,-39.4153,50.0,0.0000,0.5110,-0.009697,11.724856,3.304709,0.007701,1052,648.9
668,684032,-38.1989,50.0,0.0000,0.5068,-0.011025,12.875556,3.305427,0.007040,1052,649.9
669,685056,-37.0855,50.0,0.0100,0.4504,-0.009698,7.652759,3.303405,0.007580,1052,650.9
670,686080,-37.2695,50.0,0.0200,0.4358,-0.009818,17.053689,3.302385,0.006701,1052,651.9
671,687104,-36.0901,50.0,0.0200,0.4001,-0.015586,7.156235,3.303438,0.010268,1052,652.9
672,688128,-36.3355,50.0,0.0200,0.4095,-0.010440,8.499914,3.302484,0.007590,1052,653.9
673,689152,-36.8863,50.0,0.0300,0.4143,-0.015654,17.101138,3.303707,0.010442,1052,654.9
674,690176,-37.9325,50.0,0.0300,0.4299,-0.008793,10.589311,3.303449,0.005834,1052,655.8
675,691200,-38.5539,50.0,0.0200,0.4611,-0.010154,17.130441,3.303969,0.007608,1052,656.9
676,692224,-39.4076,50.0,0.0400,0.4598,-0.014999,9.993909,3.303667,0.013169,1052,657.9
677,693248,-40.8427,50.0,0.0400,0.4860,-0.011276,15.454925,3.305969,0.007918,1052,658.9
678,694272,-39.1130,50.0,0.0300,0.4726,-0.012936,6.202971,3.304503,0.009213,1052,659.9
679,695296,-38.3155,50.0,0.0300,0.4670,-0.009213,9.618944,3.299041,0.006276,1052,660.9
680,696320,-35.9975,50.0,0.0400,0.4253,-0.008135,6.469685,3.296809,0.005629,1052,661.9
681,697344,-36.3582,50.0,0.0300,0.4348,-0.002727,12.853804,3.294403,0.004697,1052,662.8
682,698368,-35.2394,50.0,0.0400,0.4211,-0.013171,13.483540,3.292495,0.008257,1052,663.8
683,699392,-37.1367,50.0,0.0300,0.4432,-0.009126,16.984204,3.291384,0.005961,1052,664.8
684,700416,-38.2160,50.0,0.0400,0.4319,-0.010165,17.963948,3.291886,0.007429,1052,665.7
685,701440,-39.2741,50.0,0.0300,0.4406,-0.011500,9.172311,3.290038,0.006492,1052,666.7
686,702464,-38.1816,50.0,0.0300,0.4594,-0.009978,11.017406,3.283499,0.008342,1052,667.7
687,703488,-38.2086,50.0,0.0200,0.4682,-0.012329,24.052039,3.277751,0.008598,1051,668.7
688,704512,-36.5345,50.0,0.0100,0.4482,-0.007189,9.160735,3.277259,0.006153,1051,669.7
689,705536,-35.9718,50.0,0.0200,0.4658,-0.010297,13.955731,3.275833,0.006706,1051,670.8
690,706560,-36.1522,50.0,0.0200,0.4541,-0.009291,10.611893,3.275898,0.005024,1051,671.8
691,707584,-35.6832,50.0,0.0100,0.4409,-0.006186,9.463732,3.273396,0.005119,1051,672.8
692,708608,-35.4675,50.0,0.0300,0.4429,-0.007282,11.417128,3.272469,0.005386,1051,673.8
693,709632,-35.1066,50.0,0.0400,0.4309,-0.009643,5.979204,3.270672,0.007708,1051,674.8
694,710656,-36.6123,50.0,0.0300,0.4455,-0.009672,23.371426,3.267629,0.007990,1051,675.8
695,711680,-36.4861,50.0,0.0300,0.4548,-0.010270,12.188626,3.265701,0.006735,1051,676.9
696,712704,-36.7495,50.0,0.0300,0.4636,-0.012268,15.574190,3.267183,0.007251,1051,678.0
697,713728,-36.6521,50.0,0.0200,0.4538,-0.012443,7.768155,3.267203,0.007125,1051,679.0
698,714752,-37.5694,50.0,0.0100,0.4750,-0.009151,9.140559,3.267215,0.006096,1051,679.9
699,715776,-36.4055,50.0,0.0200,0.4401,-0.011476,14.286737,3.265939,0.006665,1051,680.9
700,716800,-36.0092,50.0,0.0200,0.4400,-0.008709,12.249945,3.265729,0.005614,1051,681.8
701,717824,-35.5631,50.0,0.0200,0.4538,-0.014598,10.370536,3.265291,0.007467,1051,682.8
702,718848,-35.8481,50.0,0.0200,0.4464,-0.012122,14.449401,3.265030,0.007826,1051,683.8
703,719872,-35.2579,50.0,0.0200,0.4373,-0.010112,5.900065,3.263891,0.007594,1051,684.7
704,720896,-35.0827,50.0,0.0100,0.4398,-0.016958,11.067489,3.262006,0.012178,1051,685.7
705,721920,-35.9554,50.0,0.0200,0.4356,-0.007914,10.867475,3.262735,0.005602,1051,686.6
706,722944,-37.2612,50.0,0.0300,0.4242,-0.009421,18.970874,3.262523,0.006277,1051,687.6
707,723968,-36.1314,50.0,0.0200,0.4159,-0.008807,8.251928,3.259066,0.006271,1051,688.6
708,724992,-38.5969,50.0,0.0200,0.4323,-0.012013,11.115960,3.255701,0.007999,1051,689.5
709,726016,-39.2939,50.0,0.0300,0.4483,-0.009770,19.298683,3.253682,0.005227,1051,690.4
710,727040,-39.1667,50.0,0.0100,0.4448,-0.009948,11.090138,3.254109,0.006682,1051,691.4
711,728064,-37.5520,50.0,0.0100,0.4347,-0.009816,9.521105,3.252510,0.006798,1051,692.3
712,729088,-38.4445,50.0,0.0200,0.4536,-0.009749,9.144350,3.250764,0.007479,1051,693.3
713,730112,-38.5435,50.0,0.0200,0.4647,-0.012408,14.029215,3.248793,0.007202,1051,694.2
714,731136,-38.3424,50.0,0.0100,0.4865,-0.008430,12.352998,3.245873,0.005658,1051,695.1
715,732160,-38.5801,50.0,0.0100,0.5061,-0.012225,9.096904,3.245275,0.007360,1051,696.1
716,733184,-37.2708,50.0,0.0100,0.4824,-0.009707,5.549644,3.243568,0.009483,1051,697.1
717,734208,-35.6625,50.0,0.0100,0.4518,-0.008351,12.826255,3.242370,0.005417,1051,698.0
718,735232,-33.5362,50.0,0.0100,0.4151,-0.013289,9.703689,3.238247,0.008530,1051,699.0
719,736256,-32.7944,50.0,0.0100,0.4033,-0.007167,17.554350,3.230414,0.004606,1051,699.9
720,737280,-34.7720,50.0,0.0100,0.4221,-0.008873,24.230856,3.229288,0.004538,1052,700.8
721,738304,-37.1672,50.0,0.0100,0.4651,-0.008603,19.219373,3.229210,0.006305,1051,701.8
722,739328,-37.8292,50.0,0.0100,0.4940,-0.009549,9.102955,3.228032,0.005451,1052,702.8
723,740352,-38.2194,50.0,0.0100,0.5310,-0.011975,10.697244,3.229913,0.005886,1052,703.7
724,741376,-38.7456,50.0,0.0100,0.5788,-0.012733,19.878776,3.230018,0.007764,1052,704.6
725,742400,-36.2933,50.0,0.0100,0.5509,-0.013113,10.289471,3.228313,0.007940,1052,705.6
726,743424,-35.3664,50.0,0.0000,0.5508,-0.007770,12.779512,3.226626,0.005734,1052,706.6
727,744448,-35.9011,50.0,0.0000,0.5632,-0.003146,12.909857,3.223580,0.006356,1052,707.6
728,745472,-35.8639,50.0,0.0000,0.5321,-0.007774,6.705302,3.219487,0.006662,1051,708.7
729,746496,-35.7069,50.0,0.0000,0.4969,-0.008112,10.292908,3.217478,0.006189,1051,709.6
730,747520,-36.1730,50.0,0.0100,0.4832,-0.011314,8.496529,3.212714,0.007321,1051,710.6
731,748544,-37.0305,50.0,0.0100,0.4747,-0.007412,21.650171,3.208190,0.004883,1052,711.5
732,749568,-37.3481,50.0,0.0100,0.4347,-0.008525,14.062000,3.206403,0.005540,1051,712.6
733,750592,-38.4383,50.0,0.0100,0.4772,-0.014058,23.483277,3.204139,0.009315,1051,713.7
734,751616,-37.6132,50.0,0.0100,0.4811,-0.011817,17.183475,3.203672,0.006281,1051,714.7
735,752640,-38.0045,50.0,0.0100,0.4865,-0.011926,12.093926,3.203640,0.007208,1051,715.7
736,753664,-36.7898,50.0,0.0100,0.4966,-0.010477,9.446200,3.204262,0.007148,1051,716.7
737,754688,-36.5345,50.0,0.0100,0.5047,-0.014155,8.259651,3.203438,0.009663,1051,717.7
738,755712,-35.7403,50.0,0.0100,0.4576,-0.013489,12.629298,3.201726,0.007700,1051,718.7
739,756736,-35.9683,50.0,0.0100,0.4690,-0.007547,7.998848,3.198467,0.005331,1051,719.6
740,757760,-36.3799,50.0,0.0000,0.4787,-0.010853,13.502563,3.194620,0.006721,1051,720.7
741,758784,-36.3726,50.0,0.0000,0.4664,-0.010279,21.070697,3.194209,0.007853,1051,721.9
742,759808,-37.2528,50.0,0.0000,0.4770,-0.009910,14.895616,3.192110,0.006738,1051,722.8
743,760832,-36.8894,50.0,0.0000,0.4695,-0.010898,12.591124,3.192741,0.006961,1051,723.8
744,761856,-37.1548,50.0,0.0000,0.4926,-0.013777,14.839389,3.194691,0.008648,1051,724.8
745,762880,-36.8110,50.0,0.0000,0.4717,-0.009546,11.544444,3.196254,0.007584,1050,725.9
746,763904,-36.3257,50.0,0.0000,0.4476,-0.012920,6.275285,3.196219,0.008192,1050,726.9
747,764928,-36.0396,50.0,0.0000,0.4506,-0.009805,6.766251,3.194808,0.007196,1050,728.1
748,765952,-36.6432,50.0,0.0100,0.4585,-0.009001,11.747046,3.192886,0.005801,1050,729.3
749,766976,-36.8807,50.0,0.0100,0.4413,-0.010479,7.527020,3.191146,0.006610,1050,730.2
750,768000,-37.2404,50.0,0.0100,0.4566,-0.008896,7.886488,3.189318,0.005825,1050,731.3
751,769024,-36.6803,50.0,0.0200,0.4471,-0.012802,5.900836,3.189606,0.008392,1050,732.3
752,770048,-37.6323,50.0,0.0200,0.4914,-0.007735,15.543636,3.188210,0.005804,1050,733.3
753,771072,-36.0997,50.0,0.0100,0.4862,-0.010953,10.611349,3.184550,0.008041,1049,734.4
754,772096,-35.9265,50.0,0.0200,0.4711,-0.011746,14.843311,3.183636,0.009739,1049,735.3
755,773120,-35.3804,50.0,0.0300,0.4600,-0.006842,15.144966,3.183219,0.005091,1049,736.4
756,774144,-35.4876,50.0,0.0300,0.4599,-0.010587,10.378286,3.181979,0.006313,1049,737.3
757,775168,-35.4367,50.0,0.0300,0.4213,-0.009122,8.169835,3.181597,0.006462,1049,738.5
758,776192,-35.4093,50.0,0.0300,0.4034,-0.009411,15.678199,3.179349,0.005641,1049,739.5
759,777216,-35.7786,50.0,0.0200,0.4545,-0.009471,17.496244,3.177579,0.006263,1049,740.6
760,778240,-36.7465,50.0,0.0300,0.4531,-0.011550,14.519043,3.177638,0.008735,1049,741.7
761,779264,-35.8779,50.0,0.0200,0.4373,-0.013237,6.823822,3.176859,0.008003,1049,742.8
762,780288,-36.2244,50.0,0.0200,0.4868,-0.008450,19.295061,3.177450,0.005710,1048,743.9
763,781312,-38.5806,50.0,0.0200,0.5209,-0.008721,16.284344,3.176458,0.005099,1048,745.0
764,782336,-38.1019,50.0,0.0200,0.4771,-0.010789,10.635433,3.174232,0.006499,1048,746.1
765,783360,-38.6969,50.0,0.0100,0.5187,-0.010845,16.549852,3.172552,0.007055,1048,747.3
766,784384,-39.8631,50.0,0.0200,0.5239,-0.006052,18.841831,3.171734,0.003190,1048,748.4
767,785408,-39.6609,50.0,0.0400,0.5163,-0.006453,27.389877,3.171023,0.003931,1047,749.5
768,786432,-38.4058,50.0,0.0600,0.4923,-0.007605,11.678367,3.170355,0.006780,1047,750.6
769,787456,-39.1376,50.0,0.0600,0.5054,-0.010944,21.622163,3.170134,0.006931,1047,751.6
770,788480,-37.9413,50.0,0.0500,0.4728,-0.009735,8.022687,3.169965,0.007084,1047,752.7
771,789504,-37.5870,50.0,0.0800,0.4493,-0.018049,13.336657,3.167819,0.010815,1047,753.7
772,790528,-35.7351,50.0,0.0700,0.4153,-0.010348,12.270368,3.165947,0.006112,1047,754.6
773,791552,-36.4888,50.0,0.0600,0.4008,-0.005901,11.954291,3.165147,0.005884,1047,755.6
774,792576,-36.0367,50.0,0.0500,0.3923,-0.017663,9.179661,3.163942,0.009443,1047,756.6
775,793600,-36.5800,50.0,0.0400,0.4154,-0.008951,8.771559,3.164004,0.006398,1047,757.5
776,794624,-35.7603,50.0,0.0200,0.4400,-0.009966,12.569636,3.164913,0.005549,1047,758.5
777,795648,-36.3720,50.0,0.0200,0.4593,-0.006865,17.626168,3.165229,0.004629,1047,759.4
778,796672,-35.1148,50.0,0.0100,0.4545,-0.011062,5.791771,3.163872,0.007803,1047,760.5
779,797696,-35.6506,50.0,0.0100,0.4927,-0.011797,13.266745,3.162559,0.010025,1047,761.4
780,798720,-35.6472,50.0,0.0100,0.4923,-0.011554,18.953459,3.161911,0.006712,1047,762.4
781,799744,-36.6448,50.0,0.0200,0.4692,-0.006366,12.089791,3.160708,0.004753,1047,763.3
782,800768,-37.7769,50.0,0.0100,0.4560,-0.006512,14.578193,3.157838,0.003797,1047,764.3
783,801792,-40.0381,50.0,0.0200,0.5203,-0.010508,19.615711,3.158100,0.007252,1047,765.3
784,802816,-40.7534,50.0,0.0200,0.4917,-0.005858,19.245387,3.158459,0.006118,1047,766.2
785,803840,-39.4665,50.0,0.0200,0.5087,-0.012533,15.341306,3.158237,0.007054,1047,767.1
786,804864,-40.0479,50.0,0.0100,0.5452,-0.012549,10.079361,3.157553,0.005914,1047,768.1
787,805888,-39.4551,50.0,0.0100,0.5445,-0.008735,16.289169,3.157639,0.004148,1047,769.1
788,806912,-40.3092,50.0,0.0000,0.5330,-0.008848,22.776425,3.157426,0.004924,1047,770.0
789,807936,-38.0412,50.0,0.0000,0.5073,-0.010267,7.240839,3.154798,0.006056,1047,771.0
790,808960,-39.3031,50.0,0.0000,0.5392,-0.007454,15.677857,3.152136,0.005385,1047,771.9
791,809984,-38.6446,50.0,0.0000,0.5113,-0.008497,7.867453,3.151076,0.005275,1048,772.9
792,811008,-38.9193,50.0,0.0200,0.4920,-0.009046,11.177185,3.148702,0.005525,1048,773.8
793,812032,-37.7836,50.0,0.0200,0.4842,-0.006178,9.579114,3.149449,0.004594,1048,774.7
794,813056,-38.7116,50.0,0.0200,0.4960,-0.008108,14.409750,3.149500,0.005158,1048,775.7
795,814080,-37.6948,50.0,0.0400,0.4525,-0.010675,12.100796,3.149717,0.006517,1048,776.7
796,815104,-38.7349,50.0,0.0300,0.4515,-0.007590,15.663548,3.148800,0.004531,1048,777.7
797,816128,-38.4940,50.0,0.0200,0.4729,-0.007538,10.018530,3.147922,0.004610,1047,778.8
798,817152,-37.8744,50.0,0.0300,0.4652,-0.009738,7.928084,3.145052,0.006092,1048,779.7
799,818176,-39.0085,50.0,0.0400,0.4651,-0.005657,27.686578,3.143290,0.003487,1047,780.8
800,819200,-39.8169,50.0,0.0200,0.4864,-0.010338,9.481732,3.141919,0.005974,1047,781.8
801,820224,-40.9658,50.0,0.0200,0.5046,-0.011215,10.717950,3.141135,0.006587,1047,782.8
802,821248,-39.5385,50.0,0.0300,0.4868,-0.009080,7.623908,3.138492,0.006688,1047,783.7
803,822272,-40.2045,50.0,0.0300,0.4997,-0.007591,10.147044,3.135898,0.004717,1047,784.7
804,823296,-37.0234,50.0,0.0300,0.4474,-0.009651,7.097536,3.134846,0.004958,1047,785.8
805,824320,-36.8641,50.0,0.0400,0.4526,-0.009304,13.982411,3.133532,0.005895,1047,786.7
806,825344,-35.5853,50.0,0.0600,0.4542,-0.006855,15.956246,3.133721,0.007208,1047,787.7
807,826368,-36.1111,50.0,0.0600,0.4653,-0.008732,14.133066,3.136810,0.004858,1047,788.7
808,827392,-36.9089,50.0,0.0500,0.4772,-0.007450,14.592843,3.138350,0.004861,1047,789.6
809,828416,-38.6589,50.0,0.0600,0.5013,-0.008418,23.095083,3.138147,0.006476,1047,790.6
810,829440,-37.5684,50.0,0.0700,0.4981,-0.009006,13.219383,3.137834,0.004726,1047,791.5
811,830464,-36.8033,50.0,0.0500,0.4790,-0.011172,7.263215,3.137395,0.006374,1047,792.5
812,831488,-37.3775,50.0,0.0400,0.4695,-0.012504,12.089635,3.138390,0.008377,1047,793.4
813,832512,-36.6964,50.0,0.0400,0.4635,-0.008360,8.926011,3.138658,0.007135,1048,794.4
814,833536,-35.2811,50.0,0.0300,0.4360,-0.004456,11.844982,3.138977,0.003474,1048,795.3
815,834560,-36.5246,50.0,0.0100,0.4435,-0.007501,8.313093,3.138057,0.004711,1048,796.3
816,835584,-37.0005,50.0,0.0100,0.4547,-0.006977,7.911538,3.136111,0.004262,1048,797.3
817,836608,-37.1380,50.0,0.0000,0.4734,-0.006340,13.295518,3.135219,0.004691,1048,798.3
818,837632,-35.8525,50.0,0.0100,0.4486,-0.007003,8.758521,3.133838,0.004628,1047,799.4
819,838656,-36.4941,50.0,0.0200,0.4682,-0.010431,14.806953,3.134296,0.005081,1047,800.3
820,839680,-34.8507,50.0,0.0200,0.4474,-0.010175,6.591137,3.133069,0.007498,1047,801.3
821,840704,-35.5779,50.0,0.0300,0.4362,-0.012332,7.583705,3.132749,0.006832,1048,802.2
822,841728,-35.8125,50.0,0.0300,0.4486,-0.008074,12.846955,3.133596,0.005737,1048,803.1
823,842752,-36.2965,50.0,0.0300,0.4501,-0.009515,6.075725,3.133821,0.005971,1048,804.1
824,843776,-36.1306,50.0,0.0200,0.4374,-0.005235,17.874790,3.133386,0.002072,1047,805.1
825,844800,-38.2360,50.0,0.0300,0.4940,-0.006062,18.966512,3.133326,0.003633,1047,806.2
826,845824,-37.7514,50.0,0.0200,0.5083,-0.009390,12.665413,3.133720,0.005707,1047,807.1
827,846848,-37.1645,50.0,0.0200,0.4776,-0.006885,14.985474,3.134050,0.006100,1048,808.0
828,847872,-37.8100,50.0,0.0100,0.4906,-0.007765,7.452218,3.135525,0.005292,1047,809.1
829,848896,-37.5336,50.0,0.0100,0.4689,-0.009336,11.243432,3.136849,0.005329,1048,810.0
830,849920,-36.3503,50.0,0.0100,0.4300,-0.008111,6.086118,3.135741,0.006125,1048,811.0
831,850944,-36.6827,50.0,0.0100,0.4217,-0.008001,12.773568,3.132658,0.005653,1047,812.0
832,851968,-37.3820,50.0,0.0100,0.4467,-0.010024,11.219712,3.131134,0.005315,1047,813.0
833,852992,-36.8390,50.0,0.0100,0.4431,-0.010572,6.994147,3.130103,0.006691,1047,814.0
834,854016,-36.0262,50.0,0.0100,0.4477,-0.010017,7.101989,3.131026,0.005169,1047,814.9
835,855040,-35.5627,50.0,0.0000,0.4588,-0.005541,11.921252,3.131786,0.003120,1048,815.9
836,856064,-35.5122,50.0,0.0000,0.4541,-0.007371,18.851385,3.131292,0.003468,1048,816.8
837,857088,-37.5085,50.0,0.0000,0.4580,-0.009982,12.751965,3.131226,0.004920,1048,817.8
838,858112,-37.9665,50.0,0.0000,0.4713,-0.006031,7.798844,3.132719,0.003997,1048,818.7
839,859136,-38.5301,50.0,0.0000,0.4731,-0.011992,8.280251,3.133222,0.004745,1048,819.6
840,860160,-38.9202,50.0,0.0000,0.4650,-0.006713,7.945903,3.132365,0.003794,1048,820.6
841,861184,-37.9763,50.0,0.0100,0.4628,-0.006110,8.909051,3.131460,0.003961,1048,821.5
842,862208,-37.3447,50.0,0.0100,0.4878,-0.010528,10.112795,3.130179,0.006500,1048,822.5
843,863232,-36.0639,50.0,0.0100,0.4719,-0.006748,6.280817,3.129672,0.004838,1048,823.4
844,864256,-36.6317,50.0,0.0200,0.4870,-0.009226,9.844748,3.128717,0.004402,1048,824.3
845,865280,-37.0802,50.0,0.0300,0.4823,-0.006492,12.443261,3.126883,0.004463,1048,825.3
846,866304,-38.1331,50.0,0.0200,0.4835,-0.005932,15.669945,3.126226,0.003261,1048,826.2
847,867328,-37.0573,50.0,0.0200,0.4641,-0.009395,7.734737,3.126907,0.006126,1048,827.2
848,868352,-37.7180,50.0,0.0300,0.4597,-0.005947,8.514572,3.126449,0.004860,1048,828.1
849,869376,-37.9343,50.0,0.0200,0.4528,-0.008951,8.664764,3.126631,0.004930,1048,829.1
850,870400,-36.9117,50.0,0.0100,0.4500,-0.003953,8.029144,3.127494,0.003202,1048,830.0
851,871424,-36.7246,50.0,0.0100,0.4301,-0.006145,15.048020,3.126326,0.004637,1048,830.9
852,872448,-37.7895,50.0,0.0200,0.4341,-0.009541,8.149508,3.125710,0.003991,1048,831.9
853,873472,-37.1817,50.0,0.0200,0.4401,-0.008690,7.481276,3.125612,0.005892,1048,832.8
854,874496,-37.3815,50.0,0.0200,0.4710,-0.006653,12.511234,3.124485,0.003430,1048,833.8
855,875520,-38.0457,50.0,0.0200,0.4669,-0.010569,13.091353,3.123889,0.005599,1048,834.7
856,876544,-37.4484,50.0,0.0200,0.4923,-0.004724,9.508433,3.122374,0.002906,1048,835.6
857,877568,-37.2474,50.0,0.0100,0.5135,-0.008477,14.270539,3.121377,0.003816,1049,836.6
858,878592,-37.3057,50.0,0.0000,0.5013,-0.007294,8.088070,3.120508,0.003913,1049,837.5
859,879616,-36.4464,50.0,0.0000,0.4613,-0.007009,8.057402,3.119447,0.004200,1049,838.5
860,880640,-37.2000,50.0,0.0000,0.4577,-0.007868,10.698792,3.118153,0.004664,1049,839.4
861,881664,-37.4913,50.0,0.0100,0.4081,-0.007366,10.702225,3.117403,0.005273,1049,840.3
862,882688,-38.0460,50.0,0.0100,0.3996,-0.004559,6.675253,3.117814,0.002920,1049,841.3
863,883712,-38.0524,50.0,0.0200,0.4020,-0.012147,7.592695,3.117793,0.005951,1049,842.2
864,884736,-38.0273,50.0,0.0200,0.4061,-0.010716,8.510316,3.117568,0.005505,1049,843.2
865,885760,-36.7050,50.0,0.0200,0.4026,-0.011501,14.732109,3.116933,0.005982,1049,844.1
866,886784,-37.2818,50.0,0.0200,0.4230,-0.008175,9.076855,3.116860,0.005702,1049,845.1
867,887808,-37.6227,50.0,0.0100,0.4582,-0.007451,11.950987,3.116761,0.003993,1049,846.0
868,888832,-37.2887,50.0,0.0100,0.4416,-0.011946,5.587319,3.115940,0.006574,1049,847.0
869,889856,-37.0548,50.0,0.0200,0.4596,-0.007442,12.965858,3.115940,0.004142,1049,847.9
870,890880,-36.6665,50.0,0.0200,0.4676,-0.008289,11.420375,3.115702,0.004718,1049,848.9
871,891904,-37.9536,50.0,0.0100,0.4806,-0.004770,8.469532,3.114652,0.002399,1049,849.8
872,892928,-38.0177,50.0,0.0100,0.4599,-0.008142,12.029503,3.114757,0.004799,1049,850.7
873,893952,-38.7328,50.0,0.0200,0.4904,-0.009260,10.403727,3.115140,0.004384,1049,851.7
874,894976,-38.9613,50.0,0.0200,0.4835,-0.013175,10.093774,3.114568,0.006880,1049,852.7
875,896000,-38.9346,50.0,0.0200,0.5047,-0.004615,19.504678,3.114908,0.001592,1049,853.6
876,897024,-38.1420,50.0,0.0200,0.4972,-0.008774,7.062730,3.114856,0.004668,1049,854.5
877,898048,-35.7490,50.0,0.0200,0.4751,-0.006995,4.586753,3.114438,0.004119,1049,855.5
878,899072,-35.4363,50.0,0.0100,0.4640,-0.003886,10.230902,3.114328,0.002614,1049,856.4
879,900096,-36.2119,50.0,0.0000,0.4608,-0.005592,8.029756,3.113442,0.002864,1049,857.3
880,901120,-35.7694,50.0,0.0100,0.4110,-0.014230,7.092091,3.112967,0.006818,1049,858.3
881,902144,-36.0397,50.0,0.0100,0.4173,-0.006287,10.183350,3.113109,0.003678,1049,859.2
882,903168,-36.8722,50.0,0.0200,0.4201,-0.008485,6.149210,3.112869,0.003497,1050,860.2
883,904192,-35.9046,50.0,0.0200,0.4114,-0.008697,7.435168,3.112577,0.004306,1049,861.1
884,905216,-35.3616,50.0,0.0200,0.4299,-0.008866,15.479451,3.112871,0.006904,1049,862.2
885,906240,-34.9839,50.0,0.0300,0.4336,-0.011983,6.921353,3.112817,0.007297,1049,863.2
886,907264,-34.9682,50.0,0.0300,0.4416,-0.008140,8.090020,3.112994,0.004541,1049,864.1
887,908288,-35.5892,50.0,0.0200,0.4757,-0.005145,11.224583,3.112928,0.003438,1049,865.1
888,909312,-36.0884,50.0,0.0100,0.4931,-0.010776,6.046838,3.112312,0.005221,1049,866.1
889,910336,-36.4385,50.0,0.0100,0.4768,-0.009909,11.791530,3.110507,0.004461,1049,867.2
890,911360,-36.9477,50.0,0.0000,0.4863,-0.005511,12.844179,3.110669,0.003635,1049,868.3
891,912384,-36.3376,50.0,0.0000,0.4725,-0.011212,6.588318,3.111057,0.006331,1049,869.5
892,913408,-35.9743,50.0,0.0100,0.4340,-0.009059,6.662902,3.111072,0.005266,1049,870.5
893,914432,-35.9918,50.0,0.0100,0.4418,-0.007116,11.084932,3.110959,0.003803,1049,871.6
894,915456,-37.8362,50.0,0.0100,0.4655,-0.002199,19.332352,3.111044,0.001078,1049,872.6
895,916480,-38.3819,50.0,0.0100,0.4770,-0.009132,8.520610,3.110208,0.004947,1049,873.6
896,917504,-39.4519,50.0,0.0200,0.4906,-0.011788,7.240698,3.109689,0.006509,1049,874.6
897,918528,-38.9936,50.0,0.0100,0.5094,-0.007712,9.788415,3.109871,0.003150,1048,875.7
898,919552,-38.8585,50.0,0.0200,0.5022,-0.008908,9.566262,3.109728,0.003982,1048,876.6
899,920576,-36.1750,50.0,0.0200,0.4653,-0.008269,10.372709,3.109057,0.004077,1049,877.6
900,921600,-35.7915,50.0,0.0200,0.5205,-0.001668,24.263045,3.109057,0.000683,1049,878.5
901,922624,-35.0759,50.0,0.0100,0.5120,-0.005102,11.306060,3.109671,0.002366,1049,879.5
902,923648,-35.5820,50.0,0.0000,0.5006,-0.006815,9.277563,3.110275,0.004116,1048,880.5
903,924672,-35.0180,50.0,0.0000,0.5081,-0.008092,6.015590,3.109846,0.004688,1048,881.6
904,925696,-36.0357,50.0,0.0000,0.5154,-0.008374,6.983116,3.108767,0.004214,1048,882.6
905,926720,-35.9864,50.0,0.0000,0.4686,-0.008080,14.217280,3.107462,0.003472,1048,883.8
906,927744,-36.4367,50.0,0.0000,0.4435,-0.006595,10.635852,3.106614,0.002859,1048,884.9
907,928768,-35.9400,50.0,0.0000,0.4471,-0.003224,10.134027,3.106340,0.001118,1048,885.8
908,929792,-36.7125,50.0,0.0200,0.4492,-0.004794,22.463633,3.106058,0.001761,1048,886.7
909,930816,-36.1695,50.0,0.0200,0.4861,-0.007530,8.910581,3.106098,0.002784,1048,887.7
910,931840,-36.7056,50.0,0.0300,0.4736,-0.011704,8.979387,3.106347,0.005443,1048,888.7
911,932864,-36.7555,50.0,0.0300,0.4762,-0.010865,9.773002,3.107043,0.005698,1048,889.7
912,933888,-36.5536,50.0,0.0300,0.4673,-0.006635,7.500887,3.107511,0.003334,1048,890.8
913,934912,-34.8058,50.0,0.0100,0.4400,-0.008162,6.053127,3.107196,0.003782,1048,891.9
914,935936,-35.9326,50.0,0.0100,0.4474,-0.004999,18.113497,3.107212,0.001657,1048,892.8
915,936960,-35.1345,50.0,0.0100,0.4408,-0.005510,10.199832,3.107213,0.001965,1048,893.7
916,937984,-34.6708,50.0,0.0200,0.4416,-0.004429,7.795030,3.106881,0.002075,1048,894.7
917,939008,-36.0062,50.0,0.0200,0.4647,-0.009489,15.978009,3.106375,0.003322,1048,895.6
918,940032,-35.8706,50.0,0.0400,0.4503,-0.007054,5.671500,3.106271,0.003319,1048,896.5
919,941056,-33.1753,50.0,0.0400,0.4008,-0.006154,6.175097,3.106577,0.003413,1048,897.5
920,942080,-33.4468,50.0,0.0500,0.4034,-0.005320,6.490652,3.106293,0.001961,1048,898.4
921,943104,-34.3488,50.0,0.0400,0.4295,-0.007153,17.447009,3.105514,0.002586,1048,899.4
922,944128,-34.4151,50.0,0.0600,0.4241,-0.005195,11.476611,3.105623,0.002014,1048,900.3
923,945152,-35.3242,50.0,0.0400,0.4272,-0.003364,10.840914,3.105633,0.001218,1048,901.3
924,946176,-36.1223,50.0,0.0400,0.4271,-0.004901,6.648820,3.105283,0.002052,1048,902.2
925,947200,-36.4928,50.0,0.0200,0.4558,-0.005259,11.204555,3.105199,0.002378,1048,903.2
926,948224,-36.5805,50.0,0.0200,0.4274,-0.010296,8.478197,3.104675,0.004237,1048,904.2
927,949248,-36.3692,50.0,0.0100,0.4274,-0.006916,7.995775,3.104151,0.003631,1048,905.1
928,950272,-35.8449,50.0,0.0300,0.4395,-0.005429,8.780303,3.103573,0.003539,1048,906.0
929,951296,-36.7861,50.0,0.0300,0.4548,-0.004452,19.003006,3.103374,0.001475,1048,907.1
930,952320,-37.6748,50.0,0.0300,0.4386,-0.007343,6.715498,3.103539,0.002651,1048,908.1
931,953344,-36.9500,50.0,0.0400,0.4341,-0.004477,11.983488,3.103629,0.001689,1048,909.0
932,954368,-36.7987,50.0,0.0600,0.4584,-0.004910,14.794338,3.103426,0.002366,1048,910.0
933,955392,-37.4161,50.0,0.0400,0.4328,-0.003722,8.880748,3.103551,0.001338,1048,910.9
934,956416,-35.8488,50.0,0.0400,0.4222,-0.006398,7.398617,3.103515,0.001726,1048,911.8
935,957440,-34.9158,50.0,0.0500,0.4216,-0.005468,6.423724,3.103144,0.002261,1048,912.8
936,958464,-34.6324,50.0,0.0200,0.4230,-0.004403,7.041083,3.103280,0.001852,1048,913.7
937,959488,-35.9207,50.0,0.0200,0.4158,-0.003892,8.015717,3.102704,0.001697,1049,914.7
938,960512,-35.1285,50.0,0.0200,0.4389,-0.005690,6.476252,3.102077,0.002675,1049,915.6
939,961536,-36.2763,50.0,0.0200,0.4527,-0.004366,11.514669,3.101782,0.001572,1049,916.5
940,962560,-36.6133,50.0,0.0100,0.4600,-0.004066,14.383084,3.101851,0.001127,1049,917.5
941,963584,-37.1678,50.0,0.0100,0.4826,-0.005162,11.753487,3.102037,0.001386,1049,918.4
942,964608,-36.3185,50.0,0.0100,0.4798,-0.003793,11.644946,3.101970,0.001792,1049,919.3
943,965632,-38.0380,50.0,0.0100,0.4806,-0.005916,22.243358,3.101955,0.001324,1049,920.3
944,966656,-37.3722,50.0,0.0200,0.4765,-0.005135,6.854200,3.102344,0.002635,1049,921.2
945,967680,-36.3700,50.0,0.0300,0.4563,-0.007306,5.858203,3.102512,0.003053,1049,922.2
946,968704,-35.8567,50.0,0.0300,0.4305,-0.007404,6.213627,3.102230,0.002636,1049,923.1
947,969728,-36.2364,50.0,0.0200,0.4348,-0.001969,16.615854,3.102048,0.000474,1049,924.0
948,970752,-35.1809,50.0,0.0200,0.4432,-0.005292,10.585842,3.102101,0.000895,1049,925.0
949,971776,-35.2561,50.0,0.0200,0.4293,-0.003686,11.371622,3.101973,0.000971,1049,925.9
950,972800,-36.8307,50.0,0.0200,0.4284,-0.004264,14.772537,3.101943,0.000909,1049,926.9
951,973824,-37.8663,50.0,0.0200,0.4660,-0.005017,13.958821,3.101890,0.001728,1049,927.8
952,974848,-37.5871,50.0,0.0300,0.4613,-0.003651,10.573242,3.101837,0.000704,1049,928.9
953,975872,-38.6809,50.0,0.0300,0.4313,-0.001811,7.194832,3.101808,0.000414,1049,929.9
954,976896,-37.5243,50.0,0.0200,0.4292,-0.002316,6.165498,3.101976,0.000708,1049,930.9
955,977920,-38.2439,50.0,0.0100,0.4573,-0.001613,11.294972,3.101834,0.000414,1049,932.0
956,978944,-37.0530,50.0,0.0200,0.4231,-0.003027,14.051776,3.101722,0.000488,1049,933.0
957,979968,-36.5576,50.0,0.0100,0.4005,-0.004609,6.971198,3.101741,0.001066,1049,934.0
958,980992,-35.2682,50.0,0.0100,0.4421,-0.002598,9.088692,3.101771,0.000498,1049,934.9
959,982016,-36.8540,50.0,0.0100,0.4508,-0.000995,9.303456,3.101657,0.000220,1049,936.0
960,983040,-35.5913,50.0,0.0100,0.4379,-0.001297,5.977820,3.101383,0.000249,1049,937.0
961,984064,-34.5053,50.0,0.0100,0.4246,-0.002085,5.419351,3.101126,0.000230,1049,938.0
962,985088,-35.3796,50.0,0.0100,0.4561,-0.003953,12.427728,3.101052,0.000592,1048,939.1
963,986112,-35.0425,50.0,0.0200,0.4587,-0.000880,16.078970,3.100949,0.000082,1048,940.1
964,987136,-33.4577,50.0,0.0300,0.4385,-0.002629,4.960027,3.100944,0.000496,1049,941.0
965,988160,-34.6870,50.0,0.0300,0.4727,-0.001994,12.565005,3.100693,0.000210,1049,941.9
966,989184,-34.9548,50.0,0.0200,0.4809,-0.000839,8.878986,3.100519,0.000060,1049,942.9
967,990208,-33.7425,50.0,0.0300,0.4190,-0.000908,6.341357,3.100445,0.000075,1049,943.9
968,991232,-35.1175,50.0,0.0200,0.4422,-0.002253,8.644809,3.100406,0.000322,1048,945.0
969,992256,-35.9747,50.0,0.0200,0.4495,-0.001686,7.450072,3.100404,0.000233,1048,946.1
970,993280,-35.5778,50.0,0.0200,0.4397,-0.001044,12.599664,3.100333,0.000066,1048,947.1
971,994304,-35.3196,50.0,0.0300,0.4095,-0.000773,6.074401,3.100327,0.000052,1048,948.1
972,995328,-35.8182,50.0,0.0200,0.4205,-0.001118,8.042402,3.100294,0.000050,1048,949.1
973,996352,-36.3225,50.0,0.0100,0.4234,-0.000195,12.868306,3.100286,0.000010,1048,950.1
974,997376,-36.4273,50.0,0.0100,0.4493,-0.000297,9.036972,3.100295,0.000006,1048,951.2
975,998400,-37.2117,50.0,0.0000,0.4514,-0.000765,9.607168,3.100292,0.000018,1048,952.2
976,999424,-37.6391,50.0,0.0000,0.4742,-0.000137,10.370864,3.100283,0.000002,1048,953.2
