#{"t_start": 1774404020.1122737, "env_id": "None"}
r,l,t
-100.0,100,2.92065
-100.0,100,5.27458
-100.0,100,7.801098
-100.0,100,10.343788
-100.0,100,12.866175
-100.0,100,15.40878
-100.0,100,17.958966
-100.0,100,20.320396
-100.0,100,22.398987
-100.0,100,24.455388
-100.0,100,26.444302
-100.0,100,28.514028
-100.0,100,30.597112
-100.0,100,32.671336
-100.0,100,34.716702
-100.0,100,36.774323
-100.0,100,38.813413
-100.0,100,40.836504
-97.0,100,43.092257
-87.0,100,45.146793
-97.0,100,47.206424
-100.0,100,49.618392
-65.0,100,52.139811
-100.0,100,54.653527
-80.0,100,57.209589
-68.0,100,59.688241
-95.0,100,61.601941
-89.0,100,63.708624
-78.0,100,65.816998
-56.0,100,67.812082
-31.0,100,69.868619
-41.0,100,71.931229
-35.0,100,74.011552
-93.0,100,76.093251
-92.0,100,78.186273
-23.0,100,80.226754
-27.0,100,82.068619
-25.0,100,84.132746
-58.0,100,86.19559
-36.0,100,88.276758
-60.0,100,90.362947
-19.0,100,92.434971
-10.0,100,94.505196
-8.0,100,96.487477
-64.0,100,98.455837
-100.0,100,100.287925
-14.0,100,102.284323
-89.0,100,104.329096
-45.0,100,106.442471
-32.0,100,108.500048
-12.0,100,118.521868
-16.0,100,120.192867
-15.0,100,121.519403
-18.0,100,123.602108
-69.0,100,125.670078
-46.0,100,127.794049
-15.0,100,129.898732
-29.0,100,132.021489
-15.0,100,134.139203
-17.0,100,136.206909
-17.0,100,138.268582
-23.0,100,140.347978
-10.0,100,142.436627
-55.0,100,144.512555
-18.0,100,146.590251
-71.0,100,148.641755
-30.0,100,150.699955
-12.0,100,152.773834
-8.0,100,154.868251
-10.0,100,156.96428
-13.0,100,159.098706
-39.0,100,161.225879
-7.0,100,163.335593
-34.0,100,165.458189
-16.0,100,167.534136
-100.0,100,169.659478
-15.0,100,171.789982
-3.0,100,173.896943
-20.0,100,176.008828
-10.0,100,178.107623
-14.0,100,180.155933
-12.0,100,182.249485
-10.0,100,184.309157
-12.0,100,186.355679
-12.0,100,188.43423
-22.0,100,190.537594
-22.0,100,192.580926
-94.0,100,194.637602
-57.0,100,196.712262
-4.0,100,198.746954
-17.0,100,200.815581
-15.0,100,202.897838
-6.0,100,205.001181
-8.0,100,207.123114
-11.0,100,209.225551
-20.0,100,211.268247
-10.0,100,213.313056
-18.0,100,215.37311
-17.0,100,217.434448
-18.0,100,219.501738
-4.0,100,227.726377
-11.0,100,228.676482
-12.0,100,229.617223
-13.0,100,230.702285
-26.0,100,232.212042
-14.0,100,233.149091
-10.0,100,234.069535
-12.0,100,234.999979
-20.0,100,235.928353
-16.0,100,236.865593
-19.0,100,237.798575
-10.0,100,238.722625
-6.0,100,239.664682
-20.0,100,240.594787
-16.0,100,242.04384
-10.0,100,244.061365
-13.0,100,246.039971
-9.0,100,248.037333
-19.0,100,250.078999
-17.0,100,252.100164
-18.0,100,254.151409
-10.0,100,256.170094
-15.0,100,258.202374
-28.0,100,260.196405
-8.0,100,262.207914
-6.0,100,264.219113
-9.0,100,266.254372
-18.0,100,268.330535
-13.0,100,270.378426
-30.0,100,272.405355
-14.0,100,274.443717
-13.0,100,276.434901
-14.0,100,278.459298
-7.0,100,280.473513
-9.0,100,282.480035
-19.0,100,284.492687
-13.0,100,286.485686
-17.0,100,288.446982
-11.0,100,290.43444
-5.0,100,292.424717
-31.0,100,294.413814
-12.0,100,296.351043
-17.0,100,298.347009
-15.0,100,300.417022
-9.0,100,302.490455
-11.0,100,304.611906
-8.0,100,306.650078
-10.0,100,308.685138
-15.0,100,310.791715
-88.0,100,312.83454
-8.0,100,322.339534
-18.0,100,324.361139
-14.0,100,326.390352
-15.0,100,328.422915
-10.0,100,330.445187
-13.0,100,332.506894
-13.0,100,334.523382
-10.0,100,336.51871
-22.0,100,338.57503
-11.0,100,340.586388
-22.0,100,342.642985
-10.0,100,344.692295
-13.0,100,346.691276
-14.0,100,348.728816
-8.0,100,350.775443
-65.0,100,352.722875
-13.0,100,354.69645
-9.0,100,356.604354
-9.0,100,358.514492
-22.0,100,360.398824
-9.0,100,362.32954
-9.0,100,364.229355
-11.0,100,366.128761
-13.0,100,368.095516
-12.0,100,370.076566
-6.0,100,371.961298
-11.0,100,374.009222
-12.0,100,376.014646
-11.0,100,377.997606
-31.0,100,379.813343
-18.0,100,381.62248
-14.0,100,383.48995
-12.0,100,385.312338
-10.0,100,387.20408
-9.0,100,389.170462
-11.0,100,391.057419
-15.0,100,392.946601
-17.0,100,394.841509
-11.0,100,396.70659
-21.0,100,398.571349
-10.0,100,400.484764
-11.0,100,402.414535
-7.0,100,404.31199
-6.0,100,406.161332
-15.0,100,407.968759
-18.0,100,409.795936
-18.0,100,411.745761
-9.0,100,413.629784
-14.0,100,415.527064
-39.0,100,417.604059
-12.0,100,427.426322
-11.0,100,429.467238
-15.0,100,431.607592
-8.0,100,434.087551
-11.0,100,436.35481
-7.0,100,438.374002
-14.0,100,440.417451
-15.0,100,442.597712
-14.0,100,444.658072
-8.0,100,446.718789
-14.0,100,448.923512
-21.0,100,451.471524
-11.0,100,454.013646
-13.0,100,456.566713
-9.0,100,459.087693
-13.0,100,461.624278
-20.0,100,464.16025
-17.0,100,466.707485
-39.0,100,469.227984
-10.0,100,471.6412
-11.0,100,474.100487
-9.0,100,476.502479
-16.0,100,478.609668
-19.0,100,480.469155
-15.0,100,482.37457
-11.0,100,484.480365
-14.0,100,486.508865
-13.0,100,488.551419
-11.0,100,490.590792
-16.0,100,492.151391
-9.0,100,493.69454
-9.0,100,495.760232
-13.0,100,497.858927
-13.0,100,499.993478
-15.0,100,502.087568
-17.0,100,504.128878
-13.0,100,506.193079
-11.0,100,508.236192
-25.0,100,510.275646
-22.0,100,512.311511
-14.0,100,514.343161
-10.0,100,516.356126
-10.0,100,518.40073
-11.0,100,520.473742
-14.0,100,522.505465
-13.0,100,524.524893
-21.0,100,526.580369
-12.0,100,528.596926
-10.0,100,530.657088
-12.0,100,532.708263
-8.0,100,541.874094
-98.0,100,543.721864
-9.0,100,545.772088
-16.0,100,547.815083
-8.0,100,549.877244
-12.0,100,551.932054
-16.0,100,554.003925
-13.0,100,556.05099
-16.0,100,558.086844
-37.0,100,560.124733
-9.0,100,562.207791
-9.0,100,564.319896
-4.0,100,566.390306
-15.0,100,568.401478
-17.0,100,570.500237
-9.0,100,572.522936
-12.0,100,574.549071
-16.0,100,576.681637
-11.0,100,578.856239
-10.0,100,581.017275
-25.0,100,583.135264
-18.0,100,585.218074
-16.0,100,587.392982
-13.0,100,589.460872
-19.0,100,591.610526
-13.0,100,593.664408
-16.0,100,595.722044
-28.0,100,597.795951
-7.0,100,599.826554
-16.0,100,601.864326
-11.0,100,603.910096
-12.0,100,605.948754
-13.0,100,608.064085
-13.0,100,610.112556
-13.0,100,612.188982
-13.0,100,614.243343
-9.0,100,616.266344
-18.0,100,618.321922
-17.0,100,620.380521
-15.0,100,622.430554
-19.0,100,624.462375
-14.0,100,626.511528
-95.0,100,628.585666
-14.0,100,630.686307
-17.0,100,632.783796
-13.0,100,634.837004
-45.0,100,636.921419
-23.0,100,638.997335
-9.0,100,641.052074
-12.0,100,643.08501
-14.0,100,652.500051
-22.0,100,654.585822
-13.0,100,656.62761
-19.0,100,658.727384
-14.0,100,660.802416
-13.0,100,662.858661
-15.0,100,664.922814
-27.0,100,666.983208
-15.0,100,669.089129
-14.0,100,670.795323
-27.0,100,672.791967
-17.0,100,674.832349
-13.0,100,676.880032
-19.0,100,678.946492
-7.0,100,680.983194
-17.0,100,683.023944
-17.0,100,685.039378
-9.0,100,687.085201
-14.0,100,689.112475
-18.0,100,691.201494
-9.0,100,693.235067
-14.0,100,695.296963
-13.0,100,697.357607
-13.0,100,699.420727
-17.0,100,701.487901
-6.0,100,703.552092
-18.0,100,705.581183
-9.0,100,707.646642
-12.0,100,709.726743
-19.0,100,711.793495
-12.0,100,713.830466
-12.0,100,715.912884
-15.0,100,717.963719
-13.0,100,720.026324
-99.0,100,722.097497
-45.0,100,724.187802
-24.0,100,726.241404
-37.0,100,728.279284
-9.0,100,730.329764
-11.0,100,732.373802
-10.0,100,734.420059
-12.0,100,736.445381
-7.0,100,738.482795
-18.0,100,740.518113
-22.0,100,742.53252
-29.0,100,744.571561
-20.0,100,746.589157
-20.0,100,748.645019
-17.0,100,750.695973
-13.0,100,752.740391
-7.0,100,762.256244
-7.0,100,764.301566
-8.0,100,766.343262
-13.0,100,768.360718
-10.0,100,770.397723
-9.0,100,772.437209
-5.0,100,774.475184
-7.0,100,776.411128
-15.0,100,777.810402
-15.0,100,779.214533
-12.0,100,780.621253
-21.0,100,782.013458
-19.0,100,783.37367
-11.0,100,784.766601
-14.0,100,786.16498
-11.0,100,787.570395
-12.0,100,788.97062
-17.0,100,790.367638
-54.0,100,791.750452
-15.0,100,793.141187
-17.0,100,795.178091
-12.0,100,797.245609
-15.0,100,799.305741
-10.0,100,801.38442
-8.0,100,803.437679
-8.0,100,805.520935
-12.0,100,807.599423
-8.0,100,809.296931
-16.0,100,810.694096
-16.0,100,812.073634
-16.0,100,813.453273
-18.0,100,814.856345
-7.0,100,816.260155
-14.0,100,817.66676
-11.0,100,819.070728
-13.0,100,820.481452
-15.0,100,822.316869
-12.0,100,824.374975
-13.0,100,826.411542
-12.0,100,828.42849
-16.0,100,830.462591
-21.0,100,832.438327
-13.0,100,834.42166
-18.0,100,836.441439
-11.0,100,838.456697
-13.0,100,840.509454
-25.0,100,842.547543
-13.0,100,844.542782
-8.0,100,846.622567
-13.0,100,848.674102
-48.0,100,858.205042
-12.0,100,860.34996
-8.0,100,862.447603
-14.0,100,864.550107
-8.0,100,866.604308
-10.0,100,868.662642
-9.0,100,870.707603
-16.0,100,872.765097
-6.0,100,874.30599
-12.0,100,875.695125
-16.0,100,877.091526
-16.0,100,878.494978
-11.0,100,879.906312
-20.0,100,881.290713
-10.0,100,882.677763
-13.0,100,884.056206
-10.0,100,885.464139
-7.0,100,886.862136
-15.0,100,888.259359
-11.0,100,889.645098
-12.0,100,891.042122
-14.0,100,892.419109
-29.0,100,893.786062
-17.0,100,895.163222
-14.0,100,896.523821
-16.0,100,897.890579
-23.0,100,899.328563
-8.0,100,900.723118
-14.0,100,902.101563
-13.0,100,903.483608
-14.0,100,904.874239
-10.0,100,906.231064
-12.0,100,907.613993
-13.0,100,908.992242
-9.0,100,910.394212
-12.0,100,911.802767
-14.0,100,913.172913
-9.0,100,914.588951
-7.0,100,915.962062
-12.0,100,917.339641
-9.0,100,918.727174
-10.0,100,920.109957
-22.0,100,921.529494
-12.0,100,923.465375
-13.0,100,925.521321
-9.0,100,927.881056
-15.0,100,930.122293
-19.0,100,931.85016
-16.0,100,933.529916
-18.0,100,935.654301
-12.0,100,945.466284
-15.0,100,947.965295
-17.0,100,950.49245
-13.0,100,952.971209
-14.0,100,955.140188
-10.0,100,957.228178
-9.0,100,959.266608
-16.0,100,961.497552
-16.0,100,963.692481
-15.0,100,965.790122
-15.0,100,967.852115
-10.0,100,969.88764
-8.0,100,971.961751
-10.0,100,974.349526
-9.0,100,976.421619
-29.0,100,978.479076
-18.0,100,980.520734
-28.0,100,982.578572
-7.0,100,984.890738
-27.0,100,987.401264
-8.0,100,989.857153
-15.0,100,992.341184
-14.0,100,994.903964
-8.0,100,997.461636
-8.0,100,999.974021
-8.0,100,1002.030525
-15.0,100,1004.085966
-16.0,100,1006.133596
-23.0,100,1008.192954
-17.0,100,1010.42192
-15.0,100,1012.816558
-20.0,100,1014.710576
-16.0,100,1016.62688
-16.0,100,1018.581098
-22.0,100,1020.52339
-24.0,100,1022.507522
-11.0,100,1024.425081
-14.0,100,1026.343472
-12.0,100,1028.268531
-6.0,100,1030.169575
-7.0,100,1032.162481
-9.0,100,1034.223486
-16.0,100,1036.144931
-35.0,100,1038.065909
-17.0,100,1040.011939
-13.0,100,1042.030907
-17.0,100,1043.921904
-11.0,100,1045.817935
-17.0,100,1047.757079
-20.0,100,1049.675259
-18.0,100,1058.648376
-14.0,100,1060.569406
-15.0,100,1062.501891
-16.0,100,1064.531535
-9.0,100,1066.523958
-13.0,100,1068.505012
-71.0,100,1070.589116
-14.0,100,1072.67614
-14.0,100,1074.738701
-19.0,100,1076.702572
-5.0,100,1078.7192
-49.0,100,1080.807341
-15.0,100,1082.846412
-16.0,100,1084.88916
-24.0,100,1086.993911
-8.0,100,1089.053527
-20.0,100,1091.111199
-22.0,100,1093.17317
-7.0,100,1095.185743
-4.0,100,1097.158726
-17.0,100,1099.14729
-7.0,100,1101.242157
-19.0,100,1103.298537
-11.0,100,1105.337675
-15.0,100,1107.339479
-18.0,100,1109.351601
-13.0,100,1111.390794
-38.0,100,1113.436779
-26.0,100,1115.45219
-15.0,100,1117.502532
-11.0,100,1119.532852
-6.0,100,1121.580869
-29.0,100,1123.610867
-10.0,100,1125.530061
-16.0,100,1127.516977
-17.0,100,1129.564945
-15.0,100,1131.563548
-17.0,100,1133.57661
-19.0,100,1135.520345
-19.0,100,1137.445634
-9.0,100,1139.502305
-9.0,100,1141.508443
-25.0,100,1143.602185
-12.0,100,1145.727124
-21.0,100,1147.809324
-18.0,100,1149.855866
-11.0,100,1151.90775
-12.0,100,1153.961318
-11.0,100,1156.02744
-14.0,100,1158.064814
-15.0,100,1167.542036
-11.0,100,1169.612633
-15.0,100,1171.674184
-16.0,100,1173.723822
-12.0,100,1175.752599
-15.0,100,1177.783047
-11.0,100,1179.833445
-16.0,100,1181.901266
-16.0,100,1183.92094
-11.0,100,1185.988644
-17.0,100,1188.056859
-8.0,100,1190.12733
-16.0,100,1192.190716
-16.0,100,1194.244684
-18.0,100,1196.233792
-15.0,100,1198.280533
-15.0,100,1200.313646
-11.0,100,1202.352011
-20.0,100,1204.401929
-19.0,100,1206.388478
-30.0,100,1208.383384
-9.0,100,1210.452956
-20.0,100,1212.439657
-12.0,100,1214.181345
-13.0,100,1216.307445
-16.0,100,1218.407691
-6.0,100,1220.380031
-14.0,100,1222.452811
-14.0,100,1224.522467
-6.0,100,1226.598884
-24.0,100,1228.726083
-19.0,100,1230.865622
-10.0,100,1232.95638
-15.0,100,1235.062296
-10.0,100,1237.160204
-18.0,100,1239.27879
-13.0,100,1241.35936
-14.0,100,1243.461752
-11.0,100,1245.538266
-15.0,100,1247.598574
-8.0,100,1249.684039
-24.0,100,1251.74062
-12.0,100,1253.897502
-17.0,100,1256.007992
-16.0,100,1258.0668
-8.0,100,1260.136194
-20.0,100,1262.126987
-11.0,100,1264.206462
-16.0,100,1266.28422
-18.0,100,1268.342061
-18.0,100,1277.739439
-28.0,100,1279.788555
-12.0,100,1281.828429
-84.0,100,1283.848352
-21.0,100,1285.844522
-8.0,100,1287.840123
-8.0,100,1289.82116
-11.0,100,1291.821509
-12.0,100,1293.806617
-16.0,100,1295.814016
-9.0,100,1297.828302
-17.0,100,1299.86929
-17.0,100,1301.906396
-15.0,100,1303.973571
-28.0,100,1306.017666
-12.0,100,1308.048013
-17.0,100,1310.10717
-20.0,100,1312.163384
-15.0,100,1314.221611
-12.0,100,1316.216071
-8.0,100,1318.284657
-19.0,100,1320.361131
-11.0,100,1322.413316
-10.0,100,1324.387537
-15.0,100,1326.370788
-6.0,100,1328.328721
-16.0,100,1330.3266
-19.0,100,1332.3782
-14.0,100,1334.421969
-19.0,100,1336.466801
-11.0,100,1338.503525
-13.0,100,1340.536255
-17.0,100,1342.49985
-18.0,100,1344.588435
-14.0,100,1346.684379
-24.0,100,1348.72203
-11.0,100,1350.740198
-11.0,100,1352.762347
-15.0,100,1354.820503
-10.0,100,1356.856957
-32.0,100,1358.928851
-14.0,100,1360.975953
-39.0,100,1363.040506
-23.0,100,1365.089406
-13.0,100,1367.094543
-15.0,100,1369.109969
-29.0,100,1371.125747
-9.0,100,1373.158096
-20.0,100,1375.220275
-13.0,100,1377.226571
-10.0,100,1386.808582
-17.0,100,1388.881093
-11.0,100,1390.914434
-10.0,100,1392.971561
-6.0,100,1395.030393
-12.0,100,1397.018656
-9.0,100,1399.020322
-17.0,100,1400.963926
-9.0,100,1403.001848
-9.0,100,1405.0499
-12.0,100,1407.082887
-13.0,100,1409.127133
-9.0,100,1411.167232
-13.0,100,1413.23754
-14.0,100,1415.293316
-10.0,100,1417.350733
-17.0,100,1419.356077
-12.0,100,1421.401751
-14.0,100,1423.463507
-13.0,100,1425.518882
-12.0,100,1427.651756
-10.0,100,1429.729617
-19.0,100,1431.719657
-24.0,100,1433.707541
-8.0,100,1435.709873
-7.0,100,1437.693054
-12.0,100,1439.78074
-11.0,100,1441.774029
-17.0,100,1443.86699
-17.0,100,1445.982396
-11.0,100,1447.954074
-16.0,100,1450.028408
-21.0,100,1452.102433
-14.0,100,1454.18089
-15.0,100,1456.195602
-9.0,100,1458.281595
-20.0,100,1460.365356
-14.0,100,1462.449336
-7.0,100,1464.527228
-10.0,100,1466.601959
-11.0,100,1468.675061
-10.0,100,1470.763153
-10.0,100,1472.885459
-12.0,100,1474.828528
-20.0,100,1476.91198
-13.0,100,1478.964337
-11.0,100,1481.060899
-9.0,100,1483.153832
-14.0,100,1485.230104
-11.0,100,1487.285099
-13.0,100,1497.030598
-10.0,100,1498.967416
-7.0,100,1501.055283
-7.0,100,1503.132674
-19.0,100,1505.235432
-14.0,100,1507.316962
-11.0,100,1509.374547
-16.0,100,1511.417475
-8.0,100,1513.480002
-15.0,100,1515.528675
-9.0,100,1517.586674
-16.0,100,1519.634415
-17.0,100,1521.720866
-17.0,100,1523.304322
-11.0,100,1525.339413
-15.0,100,1527.295056
-20.0,100,1529.320732
-14.0,100,1531.355157
-17.0,100,1533.30112
-19.0,100,1535.371588
-12.0,100,1537.456895
-9.0,100,1539.40667
-16.0,100,1540.786781
-11.0,100,1541.975554
-18.0,100,1544.03097
-13.0,100,1546.088257
-20.0,100,1548.163507
-17.0,100,1550.152644
-35.0,100,1552.138741
-12.0,100,1554.15134
-15.0,100,1556.156884
-8.0,100,1558.224997
-16.0,100,1560.283318
-16.0,100,1562.309624
-19.0,100,1564.39843
-11.0,100,1566.469201
-18.0,100,1567.881376
-7.0,100,1569.207916
-10.0,100,1571.193647
-16.0,100,1573.199828
-13.0,100,1575.190691
-17.0,100,1577.108212
-18.0,100,1579.156554
-16.0,100,1581.197214
-13.0,100,1583.248571
-23.0,100,1585.31994
-37.0,100,1587.135409
-10.0,100,1588.808571
-12.0,100,1590.862421
-23.0,100,1592.900459
-13.0,100,1602.605231
-16.0,100,1604.644911
-15.0,100,1606.701947
-18.0,100,1608.652877
-17.0,100,1610.675658
-9.0,100,1612.710782
-8.0,100,1614.736738
-9.0,100,1616.809989
-21.0,100,1618.863914
-20.0,100,1620.506362
-15.0,100,1622.521938
-13.0,100,1624.583077
-14.0,100,1626.644679
-12.0,100,1628.709023
-21.0,100,1630.802014
-17.0,100,1632.869952
-13.0,100,1634.948174
-19.0,100,1637.052379
-14.0,100,1639.143916
-9.0,100,1641.239956
-10.0,100,1643.344016
-15.0,100,1645.433764
-10.0,100,1647.500883
-17.0,100,1649.583735
-12.0,100,1651.692518
-16.0,100,1653.783541
-15.0,100,1655.51562
-25.0,100,1656.853757
-30.0,100,1658.019131
-14.0,100,1659.072068
-13.0,100,1660.946847
-8.0,100,1663.024219
-9.0,100,1665.105037
-18.0,100,1667.201162
-32.0,100,1669.298745
-10.0,100,1671.350616
-25.0,100,1673.162546
-17.0,100,1674.407389
-15.0,100,1675.519215
-13.0,100,1677.571033
-11.0,100,1679.661706
-8.0,100,1681.737305
-15.0,100,1683.825258
-14.0,100,1685.904653
-15.0,100,1687.953857
-22.0,100,1690.001459
-14.0,100,1692.1082
-21.0,100,1694.193158
-19.0,100,1696.311505
-17.0,100,1698.395208
-11.0,100,1708.023605
-15.0,100,1710.136106
-11.0,100,1711.951833
-16.0,100,1713.141147
-19.0,100,1714.173598
-20.0,100,1715.220193
-16.0,100,1716.281421
-19.0,100,1717.36195
-22.0,100,1718.39354
-13.0,100,1719.44609
-25.0,100,1720.508887
-19.0,100,1721.578256
-16.0,100,1723.613146
-12.0,100,1725.680608
-22.0,100,1727.378717
-12.0,100,1728.907635
-19.0,100,1730.780801
-19.0,100,1732.868746
-30.0,100,1734.965466
-21.0,100,1737.087835
-19.0,100,1739.182678
-21.0,100,1741.287027
-25.0,100,1743.433644
-35.0,100,1745.536688
-26.0,100,1747.633662
-18.0,100,1749.764947
-26.0,100,1751.880715
-11.0,100,1753.967175
-11.0,100,1755.617073
-22.0,100,1757.655129
-15.0,100,1759.775328
-15.0,100,1761.333048
-15.0,100,1762.606866
-21.0,100,1763.822632
-26.0,100,1765.002308
-9.0,100,1766.181662
-19.0,100,1767.372085
-11.0,100,1768.538724
-10.0,100,1769.721599
-26.0,100,1771.060826
-13.0,100,1773.155562
-10.0,100,1775.227032
-21.0,100,1777.325727
-9.0,100,1778.843385
-19.0,100,1780.041416
-20.0,100,1781.263717
-20.0,100,1782.481052
-20.0,100,1784.003875
-15.0,100,1785.798526
-24.0,100,1786.992161
-14.0,100,1797.136073
-12.0,100,1798.37307
-22.0,100,1799.550752
-19.0,100,1800.76395
-8.0,100,1802.001393
-12.0,100,1803.196275
-33.0,100,1804.392912
-24.0,100,1805.615441
-16.0,100,1806.82914
-35.0,100,1808.153491
-25.0,100,1809.450373
-14.0,100,1810.648913
-22.0,100,1811.853787
-11.0,100,1813.026681
-20.0,100,1814.207376
-11.0,100,1815.40908
-8.0,100,1816.922169
-5.0,100,1818.818641
-16.0,100,1820.383777
-9.0,100,1821.967027
-8.0,100,1823.535403
-19.0,100,1825.104746
-27.0,100,1826.688079
-12.0,100,1828.291695
-10.0,100,1829.875587
-24.0,100,1831.472198
-12.0,100,1833.09341
-10.0,100,1834.710045
-18.0,100,1836.319743
-13.0,100,1838.154192
-15.0,100,1839.718603
-20.0,100,1841.292131
-13.0,100,1842.859604
-45.0,100,1844.432326
-10.0,100,1846.006295
-16.0,100,1847.585315
-29.0,100,1849.151798
-12.0,100,1850.74092
-31.0,100,1852.3401
-27.0,100,1853.937887
-8.0,100,1855.515093
-14.0,100,1857.096958
-20.0,100,1858.663479
-13.0,100,1860.251436
-19.0,100,1861.829984
-11.0,100,1863.397644
-23.0,100,1864.971072
-6.0,100,1866.515625
-30.0,100,1868.10503
-10.0,100,1869.661352
-16.0,100,1879.994642
-26.0,100,1881.567171
-5.0,100,1883.146172
-24.0,100,1884.725536
-18.0,100,1886.318464
-11.0,100,1887.891389
-23.0,100,1889.474711
-13.0,100,1891.045104
-25.0,100,1892.625535
-20.0,100,1894.159884
-21.0,100,1895.734552
-11.0,100,1897.287877
-16.0,100,1898.840336
-13.0,100,1900.301316
-20.0,100,1901.777056
-6.0,100,1903.230626
-13.0,100,1904.694685
-12.0,100,1906.189992
-22.0,100,1907.679294
-10.0,100,1909.153802
-16.0,100,1910.689763
-21.0,100,1912.281395
-12.0,100,1913.842545
-12.0,100,1915.420223
-24.0,100,1916.987251
-23.0,100,1918.532182
-21.0,100,1920.064787
-21.0,100,1921.624192
-8.0,100,1923.200585
-18.0,100,1924.781706
-21.0,100,1926.350152
-13.0,100,1927.941784
-17.0,100,1929.522832
-13.0,100,1931.112934
-35.0,100,1932.655297
-14.0,100,1934.227482
-16.0,100,1935.775364
-17.0,100,1937.358488
-18.0,100,1938.921841
-16.0,100,1940.478292
-15.0,100,1942.039526
-15.0,100,1943.608063
-37.0,100,1945.181755
-22.0,100,1946.757185
-9.0,100,1948.326232
-14.0,100,1949.890105
-25.0,100,1951.444493
-24.0,100,1953.002599
-15.0,100,1954.546965
-20.0,100,1956.09599
-17.0,100,1966.343377
-46.0,100,1967.887361
-23.0,100,1969.477636
-17.0,100,1971.140984
-19.0,100,1972.831088
-18.0,100,1974.894456
-23.0,100,1976.97879
-12.0,100,1979.095736
-14.0,100,1981.219025
-13.0,100,1983.383695
-22.0,100,1985.581618
-19.0,100,1987.686682
-10.0,100,1989.764805
-25.0,100,1991.878502
-22.0,100,1994.027555
-10.0,100,1996.151689
-28.0,100,1998.304233
-15.0,100,2000.463997
-16.0,100,2002.616169
-23.0,100,2004.726883
-14.0,100,2006.824303
-24.0,100,2008.962064
-17.0,100,2011.049272
-12.0,100,2013.183172
-12.0,100,2015.291467
-18.0,100,2017.370394
-19.0,100,2019.455343
-20.0,100,2021.42524
-15.0,100,2023.53049
-25.0,100,2025.665779
-17.0,100,2027.796321
-13.0,100,2029.904794
-14.0,100,2031.922854
-28.0,100,2033.914114
-17.0,100,2035.893945
-22.0,100,2037.883629
-16.0,100,2040.00956
-20.0,100,2042.123852
-18.0,100,2044.183633
-25.0,100,2046.17044
-14.0,100,2048.145586
-19.0,100,2050.117085
-6.0,100,2052.097801
-14.0,100,2054.165859
-10.0,100,2056.287853
-20.0,100,2058.394246
-16.0,100,2060.556933
-16.0,100,2062.716815
-24.0,100,2064.851949
-16.0,100,2066.923885
-9.0,100,2077.801718
-13.0,100,2079.882754
-18.0,100,2081.915869
-17.0,100,2083.881032
-19.0,100,2085.848288
-31.0,100,2087.908916
-13.0,100,2089.987757
-16.0,100,2092.124404
-22.0,100,2094.202726
-17.0,100,2096.248104
-20.0,100,2098.280157
-19.0,100,2100.310634
-10.0,100,2102.135263
-27.0,100,2103.948756
-15.0,100,2105.776204
-12.0,100,2107.673489
-15.0,100,2109.590048
-21.0,100,2111.494171
-15.0,100,2113.377887
-10.0,100,2115.32421
-28.0,100,2117.275304
-15.0,100,2119.22749
-15.0,100,2121.271729
-28.0,100,2123.374762
-15.0,100,2125.463165
-15.0,100,2127.522102
-5.0,100,2129.618243
-9.0,100,2131.718584
-13.0,100,2133.712807
-26.0,100,2135.653655
-14.0,100,2137.595568
-18.0,100,2139.535621
-19.0,100,2141.501533
-33.0,100,2143.473593
-18.0,100,2145.425876
-13.0,100,2147.532488
-17.0,100,2149.619843
-16.0,100,2151.732805
-10.0,100,2153.840648
-33.0,100,2155.933186
-17.0,100,2158.050516
-14.0,100,2160.151691
-11.0,100,2162.243278
-19.0,100,2164.246597
-14.0,100,2166.205635
-24.0,100,2168.185783
-29.0,100,2170.160898
-18.0,100,2172.138473
-14.0,100,2174.127434
-9.0,100,2176.1062
-19.0,100,2186.961859
-20.0,100,2189.007233
-13.0,100,2191.057957
-29.0,100,2193.107709
-21.0,100,2195.162462
-8.0,100,2197.218536
-10.0,100,2199.273219
-16.0,100,2201.246372
-12.0,100,2203.250148
-14.0,100,2205.243973
-11.0,100,2207.275356
-10.0,100,2209.278788
-34.0,100,2211.300512
-20.0,100,2213.205899
-29.0,100,2214.922536
-21.0,100,2216.350825
-10.0,100,2217.871168
-18.0,100,2219.679864
-12.0,100,2221.436551
-11.0,100,2223.087036
-19.0,100,2224.829592
-9.0,100,2226.809127
-26.0,100,2228.751278
-19.0,100,2230.741979
-25.0,100,2232.647984
-16.0,100,2234.56307
-15.0,100,2236.477654
-7.0,100,2238.446296
-56.0,100,2240.389786
-34.0,100,2242.389889
-26.0,100,2244.352121
-13.0,100,2246.337719
-19.0,100,2248.397195
-45.0,100,2250.426727
-27.0,100,2252.505479
-18.0,100,2254.506217
-15.0,100,2256.591259
-23.0,100,2258.633085
-20.0,100,2260.748261
-14.0,100,2262.998649
-16.0,100,2265.235233
-20.0,100,2267.268926
-19.0,100,2269.342671
-21.0,100,2271.300566
-30.0,100,2273.281978
-17.0,100,2275.502758
-24.0,100,2277.682251
-19.0,100,2279.819325
-17.0,100,2281.732456
-18.0,100,2283.82593
-9.0,100,2294.635207
-16.0,100,2296.765864
-12.0,100,2298.881391
-11.0,100,2300.99635
-15.0,100,2303.08847
-22.0,100,2305.142782
-17.0,100,2307.193518
-28.0,100,2309.238462
-24.0,100,2311.25404
-29.0,100,2313.302516
-12.0,100,2315.228919
-14.0,100,2317.277695
-16.0,100,2319.300299
-15.0,100,2321.366187
-24.0,100,2323.467482
-16.0,100,2325.540116
-16.0,100,2327.640574
-24.0,100,2329.750706
-20.0,100,2331.856191
-16.0,100,2333.941398
-22.0,100,2335.994232
-11.0,100,2338.072717
-10.0,100,2340.17987
-11.0,100,2342.257073
-18.0,100,2344.34202
-11.0,100,2346.417938
-13.0,100,2348.506143
-5.0,100,2350.578859
-13.0,100,2352.681359
-8.0,100,2354.801492
-20.0,100,2356.921715
-20.0,100,2359.060204
-20.0,100,2361.189176
-16.0,100,2363.275679
-23.0,100,2365.3944
-12.0,100,2367.497637
-10.0,100,2369.633458
-20.0,100,2371.753062
-14.0,100,2373.864033
-27.0,100,2375.948505
-26.0,100,2378.040714
-10.0,100,2380.098737
-20.0,100,2382.184346
-22.0,100,2384.253969
-23.0,100,2386.327561
-17.0,100,2388.380447
-10.0,100,2390.450548
-15.0,100,2392.482536
-38.0,100,2394.554343
-16.0,100,2396.631978
-8.0,100,2407.84733
-26.0,100,2409.920472
-17.0,100,2411.978539
-16.0,100,2414.064752
-17.0,100,2416.123238
-16.0,100,2418.185944
-18.0,100,2420.27855
-28.0,100,2422.364917
-17.0,100,2424.404549
-13.0,100,2426.467673
-31.0,100,2428.53728
-18.0,100,2430.58223
-10.0,100,2432.627327
-8.0,100,2434.693984
-19.0,100,2436.760734
-19.0,100,2438.811944
-15.0,100,2440.893275
-20.0,100,2442.978703
-17.0,100,2445.023346
-11.0,100,2447.09833
-19.0,100,2449.153868
-19.0,100,2451.203595
-23.0,100,2453.255497
-16.0,100,2455.279024
-15.0,100,2457.36712
-11.0,100,2459.416827
-16.0,100,2461.611075
-12.0,100,2463.857441
-21.0,100,2465.940272
-14.0,100,2467.812558
-18.0,100,2469.827818
-14.0,100,2471.942019
-12.0,100,2474.009612
-10.0,100,2476.102543
-12.0,100,2478.196748
-20.0,100,2480.241075
-15.0,100,2482.31075
-18.0,100,2484.372983
-14.0,100,2486.43034
-22.0,100,2488.509883
-14.0,100,2490.599296
-14.0,100,2492.698231
-20.0,100,2494.728551
-19.0,100,2496.904053
-20.0,100,2499.01736
-10.0,100,2501.176238
-21.0,100,2503.327621
-15.0,100,2505.439311
-12.0,100,2507.54104
-12.0,100,2509.641247
-19.0,100,2520.589534
-20.0,100,2522.707356
-24.0,100,2524.716387
-19.0,100,2526.601315
-15.0,100,2528.446628
-13.0,100,2530.346333
-22.0,100,2532.458746
-12.0,100,2534.551369
-20.0,100,2536.641883
-21.0,100,2538.543
-14.0,100,2540.354117
-15.0,100,2542.434081
-9.0,100,2544.576123
-29.0,100,2546.683029
-13.0,100,2548.787385
-18.0,100,2550.850137
-17.0,100,2552.69396
-8.0,100,2554.605125
-19.0,100,2556.713152
-23.0,100,2558.824932
-19.0,100,2560.875446
-13.0,100,2562.953715
-16.0,100,2564.919328
-15.0,100,2566.798586
-16.0,100,2568.143305
-18.0,100,2570.028141
-24.0,100,2572.079431
-17.0,100,2574.174111
-17.0,100,2576.247184
-26.0,100,2578.339207
-8.0,100,2580.436841
-21.0,100,2582.535655
-16.0,100,2584.566875
-10.0,100,2586.678716
-19.0,100,2588.310442
-13.0,100,2589.9958
-22.0,100,2592.083104
-14.0,100,2593.590079
-20.0,100,2594.755011
-29.0,100,2596.231583
-14.0,100,2597.408444
-16.0,100,2599.124214
-16.0,100,2601.133887
-16.0,100,2602.429077
-13.0,100,2603.57157
-18.0,100,2604.734053
-4.0,100,2606.803337
-14.0,100,2608.922158
-18.0,100,2611.020925
-10.0,100,2613.135235
-14.0,100,2623.157549
-24.0,100,2624.31398
-15.0,100,2625.55318
-14.0,100,2627.673201
-10.0,100,2629.82096
-16.0,100,2631.952158
-11.0,100,2634.087787
-5.0,100,2636.009627
-14.0,100,2638.119906
-21.0,100,2640.266124
-11.0,100,2642.41904
-12.0,100,2644.522811
-16.0,100,2646.661466
-21.0,100,2648.810554
-9.0,100,2650.934633
-16.0,100,2653.112354
-7.0,100,2655.125741
-9.0,100,2656.247936
-18.0,100,2657.352415
-13.0,100,2658.436338
-10.0,100,2659.53249
-28.0,100,2660.653594
-27.0,100,2661.808069
-21.0,100,2663.262139
-16.0,100,2665.397175
-21.0,100,2667.518404
-22.0,100,2669.496313
-19.0,100,2671.433974
-21.0,100,2672.99766
-16.0,100,2674.57027
-8.0,100,2676.149687
-23.0,100,2677.759326
-19.0,100,2679.797571
-13.0,100,2681.796476
-11.0,100,2683.879975
-12.0,100,2685.835889
-18.0,100,2687.877782
-22.0,100,2689.659256
-22.0,100,2691.419363
-17.0,100,2693.330467
-14.0,100,2695.311667
-15.0,100,2697.226492
-13.0,100,2699.135594
-23.0,100,2701.071156
-26.0,100,2703.173286
-14.0,100,2704.51356
-9.0,100,2706.240032
-13.0,100,2708.344522
-12.0,100,2710.415761
-25.0,100,2712.222494
-12.0,100,2722.729347
-24.0,100,2724.833689
-15.0,100,2726.831925
-15.0,100,2728.84152
-14.0,100,2730.871491
-21.0,100,2732.971574
-9.0,100,2735.060991
-13.0,100,2737.150692
-20.0,100,2739.286082
-21.0,100,2741.438597
-13.0,100,2743.507077
-15.0,100,2745.50486
-26.0,100,2747.479104
-10.0,100,2749.460447
-23.0,100,2751.419477
-19.0,100,2753.48507
-17.0,100,2755.550807
-18.0,100,2757.570714
-19.0,100,2759.604763
-23.0,100,2761.587919
-30.0,100,2763.594816
-29.0,100,2765.606674
-16.0,100,2767.739653
-19.0,100,2769.894267
-13.0,100,2771.852734
-17.0,100,2773.876714
-16.0,100,2775.900329
-12.0,100,2777.889333
-21.0,100,2780.005148
-19.0,100,2782.036361
-10.0,100,2784.127351
-23.0,100,2786.143278
-13.0,100,2788.212738
-32.0,100,2790.2739
-23.0,100,2792.392333
-14.0,100,2794.47224
-12.0,100,2796.527137
-11.0,100,2798.475576
-18.0,100,2800.238006
-21.0,100,2802.07404
-20.0,100,2804.09181
-18.0,100,2806.145503
-21.0,100,2807.817396
-20.0,100,2809.751334
-11.0,100,2811.829902
-16.0,100,2813.919882
-22.0,100,2815.980746
-17.0,100,2817.866882
-18.0,100,2819.91727
-12.0,100,2822.007791
-22.0,100,2833.074684
-13.0,100,2835.170386
-16.0,100,2837.242601
-30.0,100,2839.38609
-24.0,100,2841.488243
-9.0,100,2843.550397
-19.0,100,2845.469025
-17.0,100,2847.332193
-24.0,100,2849.296042
-18.0,100,2851.285016
-25.0,100,2853.306482
-12.0,100,2855.282261
-27.0,100,2857.100076
-10.0,100,2858.878101
-16.0,100,2860.64622
-26.0,100,2862.4889
-18.0,100,2864.518434
-14.0,100,2866.545157
-20.0,100,2868.441449
-20.0,100,2870.32664
-17.0,100,2872.355577
-17.0,100,2874.447741
-26.0,100,2876.347901
-33.0,100,2878.327967
-22.0,100,2880.408902
-27.0,100,2882.502373
-16.0,100,2884.657426
-19.0,100,2886.977329
-14.0,100,2889.210353
-14.0,100,2891.353915
-21.0,100,2893.429239
-17.0,100,2895.472612
-11.0,100,2897.533295
-27.0,100,2899.49766
-20.0,100,2901.443842
-20.0,100,2903.409445
-26.0,100,2905.410224
-17.0,100,2907.448367
-10.0,100,2909.492897
-9.0,100,2911.536849
-19.0,100,2913.595847
-20.0,100,2915.502247
-15.0,100,2917.475247
-15.0,100,2919.412742
-24.0,100,2921.40675
-15.0,100,2923.456684
-11.0,100,2925.552938
-18.0,100,2927.649486
-25.0,100,2929.775019
-15.0,100,2931.850641
-11.0,100,2942.989963
-20.0,100,2945.10533
-17.0,100,2947.231266
-14.0,100,2949.331226
-15.0,100,2951.360405
-14.0,100,2953.42867
-11.0,100,2955.478821
-25.0,100,2957.523044
-22.0,100,2959.562796
-24.0,100,2961.581176
-14.0,100,2963.647295
-16.0,100,2965.698119
-14.0,100,2968.054208
-18.0,100,2970.114443
-22.0,100,2972.176991
-7.0,100,2974.225431
-20.0,100,2976.314518
-40.0,100,2978.400767
-28.0,100,2980.524245
-11.0,100,2982.614519
-6.0,100,2984.718666
-11.0,100,2986.788322
-40.0,100,2988.826615
-22.0,100,2990.878703
-14.0,100,2992.917908
-18.0,100,2994.94783
-14.0,100,2996.957987
-9.0,100,2999.133229
-5.0,100,3001.301717
-12.0,100,3003.494978
-21.0,100,3005.631112
-13.0,100,3007.676816
-22.0,100,3009.687112
-22.0,100,3011.626875
-17.0,100,3013.504833
-13.0,100,3015.366288
-22.0,100,3017.176475
-15.0,100,3019.174121
-20.0,100,3020.924997
-19.0,100,3022.566756
-22.0,100,3024.332744
-16.0,100,3026.261993
-22.0,100,3028.292803
-20.0,100,3029.992038
-29.0,100,3031.956676
-18.0,100,3033.999577
-16.0,100,3035.975251
-14.0,100,3037.835333
-12.0,100,3039.818189
-15.0,100,3041.796062
-26.0,100,3052.153015
-23.0,100,3054.189073
-18.0,100,3055.888144
-13.0,100,3057.470554
-17.0,100,3059.05865
-22.0,100,3060.653676
-10.0,100,3062.221955
-22.0,100,3063.796399
-12.0,100,3065.354529
-13.0,100,3066.923613
-26.0,100,3068.514667
-19.0,100,3070.294345
-7.0,100,3071.889935
-20.0,100,3073.442122
-9.0,100,3075.030867
-31.0,100,3076.603297
-22.0,100,3078.186299
-26.0,100,3079.758792
-12.0,100,3081.357879
-17.0,100,3082.946486
-14.0,100,3084.545203
-18.0,100,3086.132911
-24.0,100,3087.72304
-17.0,100,3089.278904
-19.0,100,3090.874678
-33.0,100,3092.698761
-24.0,100,3094.285298
-18.0,100,3095.858562
-17.0,100,3097.454513
-14.0,100,3099.045599
-25.0,100,3100.52345
-9.0,100,3102.098561
-29.0,100,3103.687237
-12.0,100,3105.274356
-9.0,100,3106.877415
-24.0,100,3108.406586
-13.0,100,3109.521577
-21.0,100,3110.772671
-31.0,100,3112.092362
-14.0,100,3113.655335
-9.0,100,3115.228845
-24.0,100,3116.809477
-15.0,100,3118.392654
-13.0,100,3119.957799
-15.0,100,3121.509341
-18.0,100,3123.065896
-11.0,100,3124.619797
-19.0,100,3126.180593
-14.0,100,3128.144158
-16.0,100,3129.995444
-11.0,100,3140.81061
-9.0,100,3142.83941
-18.0,100,3144.971195
-19.0,100,3147.066355
-8.0,100,3149.199893
-28.0,100,3151.356657
-16.0,100,3153.447462
-20.0,100,3155.541717
-22.0,100,3157.639759
-33.0,100,3159.725394
-38.0,100,3161.822647
-17.0,100,3163.924659
-18.0,100,3166.04831
-16.0,100,3168.132913
-27.0,100,3170.215485
-19.0,100,3172.262978
-17.0,100,3174.344023
-15.0,100,3176.411738
-19.0,100,3178.542364
-14.0,100,3180.689888
-22.0,100,3182.838683
-19.0,100,3184.978943
-19.0,100,3187.062484
-21.0,100,3189.199089
-31.0,100,3191.343262
-16.0,100,3193.449613
-13.0,100,3195.568059
-18.0,100,3197.695465
-19.0,100,3199.819129
-35.0,100,3201.986237
-29.0,100,3204.145895
-24.0,100,3206.295487
-33.0,100,3208.464285
-35.0,100,3210.627827
-25.0,100,3212.792212
-29.0,100,3214.92395
-43.0,100,3217.081635
-11.0,100,3219.235154
-27.0,100,3221.360375
-16.0,100,3223.548787
-26.0,100,3225.729684
-19.0,100,3227.813463
-48.0,100,3229.912502
-28.0,100,3232.02266
-16.0,100,3234.145122
-8.0,100,3236.246189
-30.0,100,3238.349665
-12.0,100,3240.442607
-24.0,100,3242.441344
-27.0,100,3244.526287
-33.0,100,3254.862688
-35.0,100,3256.693064
-32.0,100,3258.5455
-27.0,100,3260.663659
-33.0,100,3262.793691
-28.0,100,3264.920587
-11.0,100,3267.076865
-35.0,100,3269.208549
-20.0,100,3271.348003
-27.0,100,3273.455004
-34.0,100,3275.56703
-10.0,100,3277.659551
-21.0,100,3279.751956
-15.0,100,3281.89082
-32.0,100,3283.941498
-22.0,100,3285.826564
-27.0,100,3287.724458
-35.0,100,3289.829703
-16.0,100,3291.962647
-25.0,100,3294.06231
-12.0,100,3296.175066
-20.0,100,3298.330411
-19.0,100,3300.485696
-20.0,100,3302.470499
-36.0,100,3304.333528
-24.0,100,3306.165622
-44.0,100,3308.003247
-33.0,100,3309.875132
-28.0,100,3311.708607
-28.0,100,3313.56672
-25.0,100,3315.401121
-35.0,100,3317.260418
-28.0,100,3319.117705
-34.0,100,3320.963026
-25.0,100,3322.926594
-24.0,100,3325.062726
-26.0,100,3327.20297
-35.0,100,3329.310427
-30.0,100,3331.473298
-34.0,100,3333.59236
-35.0,100,3335.733716
-6.0,100,3337.882247
-34.0,100,3340.032995
-4.0,100,3342.058633
-36.0,100,3344.14796
-34.0,100,3346.262051
-29.0,100,3348.386642
-29.0,100,3350.25906
-23.0,100,3352.03797
-32.0,100,3354.107631
-18.0,100,3365.321436
-23.0,100,3367.339541
-43.0,100,3369.145224
-33.0,100,3370.815248
-18.0,100,3372.658761
-35.0,100,3374.758883
-22.0,100,3376.87572
-22.0,100,3378.952729
-20.0,100,3381.051113
-12.0,100,3383.061526
-13.0,100,3384.908199
-13.0,100,3386.974617
-23.0,100,3389.089388
-24.0,100,3391.188141
-14.0,100,3393.311898
-14.0,100,3395.422627
-10.0,100,3397.581217
-24.0,100,3399.732649
-24.0,100,3401.734505
-26.0,100,3403.707435
-23.0,100,3405.842928
-27.0,100,3407.915674
-37.0,100,3410.020054
-24.0,100,3412.058298
-42.0,100,3414.160055
-24.0,100,3416.306806
-22.0,100,3418.210419
-34.0,100,3420.086659
-20.0,100,3421.923104
-29.0,100,3423.760837
-16.0,100,3425.6101
-31.0,100,3427.4373
-21.0,100,3429.274955
-32.0,100,3431.08795
-16.0,100,3433.105013
-26.0,100,3435.17081
-27.0,100,3437.275674
-20.0,100,3439.396566
-20.0,100,3441.340899
-20.0,100,3443.170083
-36.0,100,3444.992437
-26.0,100,3446.974705
-25.0,100,3448.96613
-11.0,100,3450.836153
-35.0,100,3452.72741
-13.0,100,3454.460472
-33.0,100,3456.527572
-17.0,100,3458.587025
-19.0,100,3460.629411
-24.0,100,3462.765338
-11.0,100,3473.370138
-26.0,100,3475.430479
-12.0,100,3477.332414
-41.0,100,3479.176995
-23.0,100,3481.021703
-17.0,100,3482.854824
-27.0,100,3484.670396
-25.0,100,3486.506665
-16.0,100,3488.358424
-15.0,100,3490.220877
-27.0,100,3491.981543
-17.0,100,3493.806232
-24.0,100,3495.6259
-18.0,100,3497.42894
-22.0,100,3499.238067
-18.0,100,3501.035202
-11.0,100,3502.821825
-13.0,100,3504.632729
-21.0,100,3506.464072
-17.0,100,3508.281454
-10.0,100,3510.085818
-14.0,100,3511.893973
-17.0,100,3513.710507
-7.0,100,3515.532106
-12.0,100,3517.331685
-8.0,100,3519.12091
-32.0,100,3521.107517
-22.0,100,3523.121076
-41.0,100,3525.139738
-29.0,100,3527.249887
-25.0,100,3529.333849
-27.0,100,3531.439158
-21.0,100,3533.527554
-19.0,100,3535.613515
-25.0,100,3537.705722
-12.0,100,3539.807179
-24.0,100,3541.889565
-24.0,100,3543.97921
-17.0,100,3546.09241
-12.0,100,3548.206378
-17.0,100,3550.278799
-12.0,100,3552.3356
-9.0,100,3554.440047
-21.0,100,3556.531642
-10.0,100,3558.620965
-12.0,100,3560.675608
-15.0,100,3562.644871
-16.0,100,3564.752233
-20.0,100,3566.90615
-18.0,100,3568.95732
-10.0,100,3579.818699
-10.0,100,3581.940809
-7.0,100,3584.092685
-14.0,100,3586.241944
-23.0,100,3588.500612
-10.0,100,3590.805495
-13.0,100,3592.943974
-15.0,100,3595.056451
-17.0,100,3597.190305
-18.0,100,3599.308014
-20.0,100,3601.443836
-13.0,100,3603.597032
-20.0,100,3605.736964
-13.0,100,3607.794522
-14.0,100,3609.849859
-8.0,100,3611.949217
-14.0,100,3613.839461
-25.0,100,3615.504887
-14.0,100,3617.340884
-29.0,100,3619.130088
-28.0,100,3620.946482
-8.0,100,3622.716633
-54.0,100,3624.307042
-8.0,100,3625.915261
-21.0,100,3627.695593
-8.0,100,3629.272404
-21.0,100,3631.137169
-14.0,100,3633.137557
-13.0,100,3635.102566
-11.0,100,3637.043653
-13.0,100,3638.974425
-8.0,100,3640.986205
-13.0,100,3642.988076
-21.0,100,3644.804834
-28.0,100,3646.513176
-13.0,100,3648.538053
-9.0,100,3650.648013
-6.0,100,3652.712684
-33.0,100,3654.488574
-15.0,100,3656.07627
-21.0,100,3658.030124
-10.0,100,3659.73892
-14.0,100,3661.74106
-14.0,100,3663.683057
-16.0,100,3665.679442
-12.0,100,3667.845357
-18.0,100,3670.24894
-17.0,100,3672.448157
-27.0,100,3674.567924
-7.0,100,3676.700598
-22.0,100,3688.089879
-19.0,100,3690.175584
-11.0,100,3692.329933
-15.0,100,3694.385479
-17.0,100,3696.419657
-23.0,100,3698.455195
-20.0,100,3700.602228
-24.0,100,3702.806532
-15.0,100,3704.795312
-23.0,100,3706.704358
-12.0,100,3708.881318
-16.0,100,3711.007165
-9.0,100,3713.185055
-15.0,100,3715.349025
-16.0,100,3717.524815
-13.0,100,3719.631191
-14.0,100,3721.75013
-17.0,100,3723.854715
-22.0,100,3725.957874
-22.0,100,3728.072581
-19.0,100,3730.16698
-12.0,100,3732.253689
-24.0,100,3734.320431
-17.0,100,3736.38484
-10.0,100,3738.46996
-24.0,100,3740.58484
-19.0,100,3742.692383
-12.0,100,3744.79286
-5.0,100,3746.909868
-13.0,100,3748.982629
-9.0,100,3750.518872
-16.0,100,3752.059537
-7.0,100,3753.596612
-13.0,100,3755.145889
-6.0,100,3756.695151
-11.0,100,3758.236753
-13.0,100,3760.210972
-10.0,100,3762.302949
-34.0,100,3764.40608
-8.0,100,3766.498444
-14.0,100,3768.59221
-11.0,100,3770.679851
-15.0,100,3772.754902
-11.0,100,3774.834308
-11.0,100,3776.912308
-18.0,100,3779.008401
-17.0,100,3781.101834
-21.0,100,3783.224402
-26.0,100,3785.396194
-21.0,100,3787.540664
-12.0,100,3798.689629
-12.0,100,3800.818179
-21.0,100,3803.061034
-10.0,100,3805.326593
-8.0,100,3807.425181
-16.0,100,3809.51808
-11.0,100,3811.642875
-10.0,100,3813.841801
-9.0,100,3815.979056
-14.0,100,3818.108861
-11.0,100,3820.22168
-9.0,100,3822.32704
-10.0,100,3824.404928
-47.0,100,3826.533115
-10.0,100,3828.654863
-20.0,100,3830.738957
-6.0,100,3832.87866
-12.0,100,3835.013896
-9.0,100,3837.161522
-20.0,100,3839.329715
-21.0,100,3841.463869
-23.0,100,3843.590813
-13.0,100,3845.733114
-17.0,100,3847.863547
-8.0,100,3849.984098
-13.0,100,3852.084794
-26.0,100,3854.107817
-17.0,100,3856.174714
-11.0,100,3858.236014
-13.0,100,3860.31132
-12.0,100,3862.3942
-13.0,100,3864.521681
-13.0,100,3866.651058
-13.0,100,3868.765804
-23.0,100,3870.914826
-14.0,100,3873.027626
-14.0,100,3875.205443
-16.0,100,3877.337913
-10.0,100,3879.456162
-18.0,100,3881.539974
-25.0,100,3883.603107
-10.0,100,3885.657506
-10.0,100,3887.717116
-20.0,100,3889.77808
-32.0,100,3891.670964
-14.0,100,3893.650937
-13.0,100,3895.754611
-20.0,100,3897.868016
-19.0,100,3899.960862
-10.0,100,3902.068087
-20.0,100,3913.14188
-15.0,100,3915.251092
-14.0,100,3917.768336
-12.0,100,3920.420258
-15.0,100,3923.018207
-22.0,100,3925.54174
-18.0,100,3928.07176
-8.0,100,3930.517798
-17.0,100,3932.709247
-12.0,100,3934.947733
-12.0,100,3937.088387
-20.0,100,3939.288254
-17.0,100,3941.529439
-7.0,100,3943.804941
-15.0,100,3946.350837
-12.0,100,3948.592213
-8.0,100,3950.978304
-13.0,100,3953.073198
-17.0,100,3954.384148
-18.0,100,3956.534662
-20.0,100,3959.097992
-8.0,100,3961.566032
-15.0,100,3964.036661
-38.0,100,3966.539305
-16.0,100,3968.653782
-14.0,100,3970.749783
-13.0,100,3973.087388
-11.0,100,3975.56676
-12.0,100,3977.610485
-15.0,100,3979.757409
-21.0,100,3982.233535
-7.0,100,3984.764415
-13.0,100,3987.271794
-9.0,100,3989.356465
-9.0,100,3991.2865
-12.0,100,3993.096073
-13.0,100,3994.924618
-14.0,100,3996.728246
-10.0,100,3998.546276
-26.0,100,4000.357651
-19.0,100,4002.184476
-27.0,100,4004.223003
-5.0,100,4006.331228
-16.0,100,4008.441316
-15.0,100,4010.518923
-29.0,100,4012.636028
-12.0,100,4014.756792
-17.0,100,4016.907139
-10.0,100,4019.053888
-11.0,100,4021.157522
-10.0,100,4032.335384
-16.0,100,4034.457396
-8.0,100,4036.474926
-7.0,100,4038.335515
-12.0,100,4040.489968
-19.0,100,4042.510938
-10.0,100,4044.303236
-19.0,100,4046.075826
-11.0,100,4047.81946
-6.0,100,4049.760991
-9.0,100,4051.764596
-20.0,100,4053.577893
-10.0,100,4055.335249
-17.0,100,4057.122316
-19.0,100,4058.935974
-21.0,100,4060.708978
-12.0,100,4062.499558
-9.0,100,4064.403935
-14.0,100,4066.479949
-26.0,100,4068.496279
-22.0,100,4070.50798
-15.0,100,4072.602819
-8.0,100,4074.645429
-7.0,100,4076.733479
-19.0,100,4078.813198
-13.0,100,4080.894229
-16.0,100,4083.000335
-9.0,100,4085.005157
-29.0,100,4086.799558
-23.0,100,4088.551675
-13.0,100,4090.292086
-26.0,100,4092.030229
-15.0,100,4093.881707
-24.0,100,4095.933156
-14.0,100,4098.003187
-12.0,100,4099.989826
-13.0,100,4101.802931
-25.0,100,4103.587383
-12.0,100,4105.33623
-22.0,100,4107.080759
-20.0,100,4109.068304
-17.0,100,4111.161762
-13.0,100,4113.223588
-19.0,100,4115.139374
-11.0,100,4116.929348
-27.0,100,4118.682328
-13.0,100,4120.435121
-18.0,100,4122.241987
-71.0,100,4124.075126
-17.0,100,4125.888081
-7.0,100,4135.921635
-18.0,100,4137.950657
-18.0,100,4140.045089
-15.0,100,4142.143411
-14.0,100,4144.277312
-11.0,100,4146.381064
-17.0,100,4148.491147
-13.0,100,4150.577587
-15.0,100,4152.693676
-23.0,100,4154.788534
-15.0,100,4156.910378
-15.0,100,4158.996767
-15.0,100,4161.086456
-14.0,100,4163.198175
-5.0,100,4165.356688
-21.0,100,4167.511191
-9.0,100,4169.601405
-9.0,100,4171.717861
-22.0,100,4173.811004
-9.0,100,4175.928015
-12.0,100,4178.015363
-15.0,100,4180.105134
-24.0,100,4182.27005
-21.0,100,4184.378381
-28.0,100,4186.470807
-8.0,100,4188.56397
-12.0,100,4190.667257
-39.0,100,4192.82302
-19.0,100,4194.954909
-19.0,100,4197.039973
-8.0,100,4199.160354
-23.0,100,4201.22243
-15.0,100,4203.301262
-19.0,100,4205.398668
-11.0,100,4207.464484
-10.0,100,4209.57217
-13.0,100,4211.66781
-25.0,100,4213.803866
-9.0,100,4215.941035
-21.0,100,4218.054314
-14.0,100,4220.16066
-18.0,100,4222.30199
-14.0,100,4224.423297
-17.0,100,4226.5323
-32.0,100,4228.656046
-16.0,100,4230.736501
-10.0,100,4232.865817
-13.0,100,4235.00362
-17.0,100,4237.113801
-17.0,100,4239.225218
