#{"t_start": 1774405746.7420816, "env_id": "None"}
r,l,t
-100.0,100,3.414088
-100.0,100,5.397363
-100.0,100,7.289926
-100.0,100,9.183282
-100.0,100,11.072934
-100.0,100,12.959084
-100.0,100,14.89826
-100.0,100,17.015862
-100.0,100,19.161528
-100.0,100,21.303926
-100.0,100,23.421855
-100.0,100,25.576682
-100.0,100,27.720274
-100.0,100,29.912341
-100.0,100,32.058881
-100.0,100,34.191563
-100.0,100,36.346577
-100.0,100,38.525408
-100.0,100,40.686138
-100.0,100,42.840751
-100.0,100,44.967523
-100.0,100,47.124215
-100.0,100,49.208465
-100.0,100,51.056152
-100.0,100,52.926819
-100.0,100,54.768695
-100.0,100,56.608026
-100.0,100,58.447692
-100.0,100,60.420486
-100.0,100,62.316506
-100.0,100,64.223833
-100.0,100,65.964528
-100.0,100,67.722472
-100.0,100,69.541357
-100.0,100,71.37639
-100.0,100,73.094069
-100.0,100,74.73126
-100.0,100,76.36926
-100.0,100,78.274992
-100.0,100,80.104302
-100.0,100,82.071952
-100.0,100,83.948606
-100.0,100,85.787531
-100.0,100,87.743652
-100.0,100,89.536715
-100.0,100,90.897203
-100.0,100,91.998076
-100.0,100,93.147093
-100.0,100,94.308069
-100.0,100,95.47433
-100.0,100,96.630488
-100.0,100,97.784812
-100.0,100,98.959456
-100.0,100,100.143862
-100.0,100,101.290596
-100.0,100,102.423383
-100.0,100,103.543164
-100.0,100,104.723321
-100.0,100,106.252369
-100.0,100,108.187324
-100.0,100,110.348795
-100.0,100,112.04247
-100.0,100,113.198354
-100.0,100,114.350509
-100.0,100,115.512176
-100.0,100,116.665025
-100.0,100,117.829446
-100.0,100,118.940012
-100.0,100,120.046811
-100.0,100,121.223602
-100.0,100,122.405503
-100.0,100,123.58507
-100.0,100,124.783716
-100.0,100,125.976538
-100.0,100,127.147372
-100.0,100,128.314276
-100.0,100,129.466903
-100.0,100,130.628624
-100.0,100,131.791211
-100.0,100,132.952672
-100.0,100,134.453721
-100.0,100,136.465846
-100.0,100,138.301234
-100.0,100,139.454156
-100.0,100,141.44058
-100.0,100,143.379468
-100.0,100,145.301095
-100.0,100,147.259352
-100.0,100,149.093836
-100.0,100,150.951823
-100.0,100,152.84518
-100.0,100,154.819372
-100.0,100,156.779774
-100.0,100,158.793354
-100.0,100,160.959994
-100.0,100,163.117702
-100.0,100,165.336452
-100.0,100,167.492067
-100.0,100,169.622879
-100.0,100,171.797526
-100.0,100,185.383893
-100.0,100,187.547897
-100.0,100,189.62843
-100.0,100,191.242352
-100.0,100,193.387731
-100.0,100,195.549541
-100.0,100,197.685529
-100.0,100,199.853245
-100.0,100,201.989699
-100.0,100,204.161808
-100.0,100,206.317898
-100.0,100,208.466552
-100.0,100,210.599803
-100.0,100,212.75257
-100.0,100,214.920168
-100.0,100,217.058191
-100.0,100,219.227771
-100.0,100,221.385405
-100.0,100,223.504545
-100.0,100,225.0214
-100.0,100,226.171912
-100.0,100,227.330747
-100.0,100,228.502259
-100.0,100,229.653615
-100.0,100,230.714385
-100.0,100,231.774818
-100.0,100,232.832513
-100.0,100,233.89507
-100.0,100,234.965551
-100.0,100,236.029677
-100.0,100,237.085552
-100.0,100,238.145024
-100.0,100,239.32405
-100.0,100,240.49179
-100.0,100,241.667386
-100.0,100,242.858423
-100.0,100,244.190887
-100.0,100,246.323435
-100.0,100,247.799572
-100.0,100,248.96073
-100.0,100,250.136135
-100.0,100,251.281958
-100.0,100,252.761101
-100.0,100,255.018711
-100.0,100,257.417571
-100.0,100,259.79753
-100.0,100,262.040047
-100.0,100,264.253659
-100.0,100,266.389717
-100.0,100,268.462472
-100.0,100,270.59902
-100.0,100,272.756436
-100.0,100,274.856898
-100.0,100,276.96622
-100.0,100,279.078765
-100.0,100,281.213105
-100.0,100,282.996686
-100.0,100,284.55405
-100.0,100,286.134949
-100.0,100,287.69928
-100.0,100,289.285176
-100.0,100,290.872806
-100.0,100,292.461669
-100.0,100,294.583639
-100.0,100,296.80915
-100.0,100,299.075473
-100.0,100,301.345639
-100.0,100,303.558803
-100.0,100,305.670265
-100.0,100,307.831886
-100.0,100,309.963365
-100.0,100,312.080184
-100.0,100,314.208754
-100.0,100,316.315261
-100.0,100,318.33015
-99.0,100,320.427634
-100.0,100,322.544924
-100.0,100,324.664361
-100.0,100,326.768718
-100.0,100,328.906759
-100.0,100,331.023164
-100.0,100,333.104735
-100.0,100,335.105858
-100.0,100,337.116345
-100.0,100,339.142186
-100.0,100,341.124045
-100.0,100,343.072845
-100.0,100,345.018179
-100.0,100,346.958331
-100.0,100,348.900906
-100.0,100,350.886391
-100.0,100,352.864026
-100.0,100,354.905487
-100.0,100,356.960518
-100.0,100,358.969275
-100.0,100,360.99033
-100.0,100,363.004849
-100.0,100,364.977259
-100.0,100,366.969039
-100.0,100,368.970031
-100.0,100,381.2759
-100.0,100,383.107335
-100.0,100,384.974324
-100.0,100,386.794949
-100.0,100,388.620692
-100.0,100,390.453093
-100.0,100,392.518034
-100.0,100,394.60242
-100.0,100,396.600162
-100.0,100,398.38635
-100.0,100,399.98064
-100.0,100,401.674678
-100.0,100,403.407103
-100.0,100,405.091905
-100.0,100,406.876434
-100.0,100,408.815777
-100.0,100,410.733958
-100.0,100,412.580785
-100.0,100,414.45614
-100.0,100,416.608238
-100.0,100,418.716827
-100.0,100,420.714891
-100.0,100,422.699512
-100.0,100,424.737377
-100.0,100,426.721727
-100.0,100,428.708071
-100.0,100,430.675997
-100.0,100,432.685601
-100.0,100,434.738543
-100.0,100,436.809175
-100.0,100,438.868881
-100.0,100,440.923786
-100.0,100,442.957562
-100.0,100,445.025459
-100.0,100,447.020154
-100.0,100,449.051032
-100.0,100,451.010917
-99.0,100,452.920349
-100.0,100,454.823456
-100.0,100,456.836482
-100.0,100,458.868898
-100.0,100,460.97987
-100.0,100,463.060401
-100.0,100,465.189955
-100.0,100,467.284494
-100.0,100,469.377504
-100.0,100,471.470317
-100.0,100,473.615764
-100.0,100,475.747564
-100.0,100,477.872495
-100.0,100,480.005002
-100.0,100,482.100743
-100.0,100,484.208387
-100.0,100,486.288293
-100.0,100,488.463197
-100.0,100,490.63869
-100.0,100,493.037083
-100.0,100,495.578534
-100.0,100,498.174794
-100.0,100,500.76456
-100.0,100,503.394725
-100.0,100,505.969376
-100.0,100,508.615314
-100.0,100,511.194718
-100.0,100,513.795678
-100.0,100,516.340802
-100.0,100,518.904063
-100.0,100,521.584584
-100.0,100,524.288457
-100.0,100,526.83376
-100.0,100,528.354306
-100.0,100,529.580028
-100.0,100,530.793632
-100.0,100,533.141006
-100.0,100,534.868491
-100.0,100,536.103327
-100.0,100,537.373379
-100.0,100,538.615879
-100.0,100,539.79321
-100.0,100,540.972561
-100.0,100,542.226505
-100.0,100,543.51363
-100.0,100,544.973849
-100.0,100,547.607462
-100.0,100,550.319572
-100.0,100,552.388918
-100.0,100,554.441574
-100.0,100,556.597365
-100.0,100,558.718104
-100.0,100,560.526924
-100.0,100,562.592043
-100.0,100,564.636547
-100.0,100,566.713923
-100.0,100,568.54277
-100.0,100,569.971489
-100.0,100,571.36611
-100.0,100,572.605332
-100.0,100,573.783743
-100.0,100,574.954042
-100.0,100,576.144944
-100.0,100,587.577099
-100.0,100,588.765063
-100.0,100,589.95814
-100.0,100,591.142635
-100.0,100,592.365833
-100.0,100,593.549647
-100.0,100,595.216338
-100.0,100,596.618394
-100.0,100,597.899613
-100.0,100,599.077918
-100.0,100,600.28397
-100.0,100,601.516019
-100.0,100,602.723212
-100.0,100,604.456546
-100.0,100,606.574242
-100.0,100,608.667403
-100.0,100,610.787996
-100.0,100,612.923347
-100.0,100,614.836138
-100.0,100,616.107703
-100.0,100,617.658451
-100.0,100,619.689605
-100.0,100,621.069079
-100.0,100,622.285581
-100.0,100,623.523576
-100.0,100,625.548119
-100.0,100,627.685465
-100.0,100,629.797105
-100.0,100,631.873632
-100.0,100,633.957266
-100.0,100,636.076829
-100.0,100,638.01045
-100.0,100,639.386006
-100.0,100,641.21743
-100.0,100,642.609562
-100.0,100,643.801698
-100.0,100,645.001158
-100.0,100,646.319816
-100.0,100,648.429925
-100.0,100,650.593906
-100.0,100,652.707576
-100.0,100,654.462183
-100.0,100,655.785668
-100.0,100,657.097707
-100.0,100,658.820644
-100.0,100,660.613749
-100.0,100,661.842045
-100.0,100,663.115205
-100.0,100,664.378033
-100.0,100,665.63421
-100.0,100,667.324384
-100.0,100,669.424948
-100.0,100,671.513109
-100.0,100,673.602002
-100.0,100,675.576712
-100.0,100,676.98259
-100.0,100,678.161582
-100.0,100,679.286253
-100.0,100,680.530908
-100.0,100,681.766038
-100.0,100,683.005026
-100.0,100,684.313836
-100.0,100,685.516794
-100.0,100,686.709159
-100.0,100,687.944669
-100.0,100,689.344952
-100.0,100,690.550166
-100.0,100,691.746255
-100.0,100,692.940408
-100.0,100,694.438909
-100.0,100,695.606224
-100.0,100,696.807251
-100.0,100,698.04854
-100.0,100,699.441864
-100.0,100,700.60601
-100.0,100,701.780988
-100.0,100,703.572215
-100.0,100,705.364145
-100.0,100,707.430701
-100.0,100,709.531152
-100.0,100,711.667087
-100.0,100,713.765027
-100.0,100,715.875705
-100.0,100,717.933217
-100.0,100,720.044371
-100.0,100,722.200082
-100.0,100,724.325526
-100.0,100,726.432407
-100.0,100,728.568296
-100.0,100,730.662345
-100.0,100,732.779311
-100.0,100,734.973037
-100.0,100,737.219008
-100.0,100,739.344549
-100.0,100,741.430784
-100.0,100,743.516125
-100.0,100,745.650221
-100.0,100,747.784073
-100.0,100,749.879898
-100.0,100,751.939376
-100.0,100,764.121495
-100.0,100,766.1859
-100.0,100,768.314437
-100.0,100,770.428505
-100.0,100,772.27142
-100.0,100,774.410894
-100.0,100,776.552299
-100.0,100,778.676398
-100.0,100,780.784725
-100.0,100,782.899437
-100.0,100,784.964302
-100.0,100,787.059023
-100.0,100,789.154735
-100.0,100,791.266541
-100.0,100,793.39361
-100.0,100,795.526968
-100.0,100,797.656982
-100.0,100,799.796407
-100.0,100,801.926748
-100.0,100,804.063701
-100.0,100,806.165022
-100.0,100,808.249471
-100.0,100,810.392576
-100.0,100,812.522705
-100.0,100,814.460678
-100.0,100,815.869146
-100.0,100,817.826618
-100.0,100,819.798824
-100.0,100,821.767818
-100.0,100,823.75329
-100.0,100,825.811707
-100.0,100,827.92906
-100.0,100,830.042254
-100.0,100,832.165521
-100.0,100,833.952046
-100.0,100,835.533368
-100.0,100,837.128262
-100.0,100,838.732882
-100.0,100,840.347541
-100.0,100,841.949159
-100.0,100,843.647696
-100.0,100,845.722607
-100.0,100,847.796319
-100.0,100,849.910559
-100.0,100,852.006075
-100.0,100,854.132935
-100.0,100,856.253597
-100.0,100,858.303218
-100.0,100,860.354387
-100.0,100,862.320594
-100.0,100,864.289244
-100.0,100,866.386276
-100.0,100,868.547459
-100.0,100,870.699109
-100.0,100,872.850954
-100.0,100,875.011946
-100.0,100,877.170712
-100.0,100,879.305298
-100.0,100,881.469808
-100.0,100,883.622538
-100.0,100,885.778113
-100.0,100,887.859947
-100.0,100,889.952614
-100.0,100,892.062328
-100.0,100,894.163833
-100.0,100,896.30304
-100.0,100,898.476096
-100.0,100,900.592735
-100.0,100,902.741768
-100.0,100,904.899171
-100.0,100,907.051758
-100.0,100,909.171176
-100.0,100,911.329358
-100.0,100,913.475751
-100.0,100,915.650712
-100.0,100,917.787591
-100.0,100,919.941637
-100.0,100,922.056056
-100.0,100,924.046276
-100.0,100,925.687183
-100.0,100,927.213935
-100.0,100,928.892854
-100.0,100,930.98304
-100.0,100,933.140996
-100.0,100,934.798535
-100.0,100,936.685791
-100.0,100,938.733242
-100.0,100,940.360518
-100.0,100,941.822222
-100.0,100,943.374195
-100.0,100,945.099267
-100.0,100,947.223739
-100.0,100,949.359687
-100.0,100,951.494167
-100.0,100,953.658572
-100.0,100,955.784282
-100.0,100,957.93772
-100.0,100,960.0422
-100.0,100,962.16331
-100.0,100,964.035051
-100.0,100,976.619215
-100.0,100,978.747354
-100.0,100,980.893613
-100.0,100,983.031722
-100.0,100,985.156379
-100.0,100,987.470843
-100.0,100,989.544089
-100.0,100,991.62048
-100.0,100,993.714628
-100.0,100,996.2935
-100.0,100,998.883625
-100.0,100,1001.01537
-100.0,100,1003.109581
-100.0,100,1005.23497
-100.0,100,1007.376179
-100.0,100,1009.869923
-100.0,100,1012.004367
-100.0,100,1013.670976
-100.0,100,1015.545976
-100.0,100,1017.434297
-100.0,100,1019.313039
-100.0,100,1021.211083
-100.0,100,1023.048945
-100.0,100,1024.932547
-100.0,100,1026.811273
-100.0,100,1028.705647
-100.0,100,1030.636426
-100.0,100,1032.673865
-100.0,100,1035.279776
-100.0,100,1037.847532
-100.0,100,1040.52975
-100.0,100,1043.258356
-100.0,100,1045.364333
-100.0,100,1046.642764
-100.0,100,1047.825117
-100.0,100,1049.073596
-100.0,100,1050.595411
-100.0,100,1052.120904
-100.0,100,1053.707998
-100.0,100,1055.31179
-100.0,100,1056.928198
-100.0,100,1058.518975
-100.0,100,1060.095601
-100.0,100,1061.692036
-100.0,100,1063.288389
-100.0,100,1064.8878
-100.0,100,1066.465367
-100.0,100,1068.062339
-100.0,100,1069.673573
-100.0,100,1071.32259
-100.0,100,1072.586987
-100.0,100,1073.785474
-100.0,100,1074.991069
-100.0,100,1076.1839
-100.0,100,1077.363757
-100.0,100,1078.544472
-100.0,100,1080.149339
-100.0,100,1082.306732
-100.0,100,1083.976953
-100.0,100,1085.167257
-100.0,100,1086.345179
-100.0,100,1087.523038
-100.0,100,1088.701073
-100.0,100,1089.884346
-100.0,100,1091.077744
-100.0,100,1092.265208
-100.0,100,1093.458527
-100.0,100,1094.652212
-100.0,100,1095.803923
-100.0,100,1096.881353
-100.0,100,1097.95688
-100.0,100,1099.035742
-100.0,100,1100.118915
-100.0,100,1101.200479
-100.0,100,1102.281032
-100.0,100,1103.355254
-100.0,100,1104.446386
-100.0,100,1105.634796
-100.0,100,1106.809509
-100.0,100,1107.983943
-100.0,100,1109.172924
-100.0,100,1110.361921
-100.0,100,1111.534209
-100.0,100,1112.698519
-100.0,100,1114.63278
-100.0,100,1116.712458
-100.0,100,1118.835526
-100.0,100,1120.946306
-100.0,100,1122.998399
-100.0,100,1124.247532
-100.0,100,1125.428188
-100.0,100,1126.596108
-100.0,100,1127.754131
-100.0,100,1128.921346
-100.0,100,1130.105814
-100.0,100,1131.29247
-100.0,100,1132.493586
-100.0,100,1133.678471
-100.0,100,1134.872461
-100.0,100,1136.032666
-100.0,100,1147.678686
-100.0,100,1148.860229
-100.0,100,1150.006278
-100.0,100,1151.683977
-100.0,100,1153.456797
-100.0,100,1155.493854
-100.0,100,1157.579507
-100.0,100,1159.869399
-100.0,100,1162.078904
-100.0,100,1164.275919
-100.0,100,1166.317608
-100.0,100,1168.385578
-100.0,100,1169.643238
-100.0,100,1170.818923
-100.0,100,1171.98728
-100.0,100,1173.162266
-100.0,100,1174.342634
-100.0,100,1175.511911
-100.0,100,1176.671264
-100.0,100,1177.845861
-100.0,100,1179.035136
-100.0,100,1180.514145
-100.0,100,1181.679362
-100.0,100,1182.857382
-100.0,100,1184.028894
-100.0,100,1185.208898
-100.0,100,1186.386257
-100.0,100,1187.560118
-100.0,100,1188.746176
-100.0,100,1189.919066
-100.0,100,1191.094721
-100.0,100,1192.290538
-100.0,100,1193.461797
-100.0,100,1194.640764
-100.0,100,1196.276422
-100.0,100,1198.021765
-100.0,100,1199.200686
-100.0,100,1200.373679
-100.0,100,1201.527442
-100.0,100,1202.679545
-100.0,100,1203.857026
-100.0,100,1205.036894
-100.0,100,1206.135333
-100.0,100,1207.210263
-100.0,100,1208.281753
-100.0,100,1209.354542
-100.0,100,1210.825122
-100.0,100,1212.038129
-100.0,100,1214.256693
-100.0,100,1216.50709
-100.0,100,1217.888155
-100.0,100,1219.004123
-100.0,100,1220.133863
-100.0,100,1221.495121
-100.0,100,1223.468848
-100.0,100,1225.786013
-100.0,100,1228.301008
-100.0,100,1230.543307
-100.0,100,1232.783495
-100.0,100,1234.871333
-100.0,100,1236.176484
-100.0,100,1237.487612
-100.0,100,1239.778946
-100.0,100,1241.173566
-100.0,100,1242.376157
-100.0,100,1243.581545
-100.0,100,1245.586294
-100.0,100,1248.14136
-100.0,100,1250.732358
-100.0,100,1253.316074
-100.0,100,1255.857462
-100.0,100,1258.437424
-100.0,100,1260.992267
-100.0,100,1263.275995
-100.0,100,1265.414663
-100.0,100,1267.534971
-100.0,100,1269.655104
-100.0,100,1271.775938
-100.0,100,1273.920845
-100.0,100,1276.071455
-99.0,100,1278.216366
-100.0,100,1280.360524
-100.0,100,1282.502641
-100.0,100,1284.632113
-100.0,100,1286.655347
-100.0,100,1288.485094
-100.0,100,1290.328517
-100.0,100,1292.21139
-100.0,100,1294.427832
-100.0,100,1296.292734
-100.0,100,1298.057352
-100.0,100,1299.838269
-100.0,100,1301.891936
-100.0,100,1303.72546
-100.0,100,1305.519791
-100.0,100,1307.334101
-100.0,100,1309.132793
-100.0,100,1310.920658
-100.0,100,1312.720192
-100.0,100,1314.557589
-100.0,100,1326.097337
-100.0,100,1327.979435
-100.0,100,1329.776463
-100.0,100,1331.463393
-100.0,100,1333.176936
-100.0,100,1334.898898
-100.0,100,1336.71686
-100.0,100,1338.529821
-100.0,100,1340.332898
-100.0,100,1342.15345
-100.0,100,1343.997458
-99.0,100,1345.930233
-100.0,100,1348.080974
-100.0,100,1350.240878
-100.0,100,1352.391529
-100.0,100,1354.531142
-100.0,100,1356.685271
-100.0,100,1358.800696
-100.0,100,1360.950202
-100.0,100,1363.083347
-100.0,100,1365.193173
-100.0,100,1367.299083
-100.0,100,1369.280941
-100.0,100,1371.083166
-100.0,100,1372.913799
-100.0,100,1374.763973
-100.0,100,1376.657336
-100.0,100,1378.561702
-100.0,100,1380.414521
-100.0,100,1382.201836
-100.0,100,1384.315071
-100.0,100,1386.365703
-100.0,100,1388.030555
-100.0,100,1389.660553
-100.0,100,1391.294169
-100.0,100,1393.089088
-100.0,100,1395.103513
-100.0,100,1397.170806
-100.0,100,1399.175229
-100.0,100,1401.190485
-100.0,100,1403.30746
-100.0,100,1405.35565
-100.0,100,1407.420085
-100.0,100,1409.438605
-100.0,100,1411.448019
-100.0,100,1413.50694
-100.0,100,1415.620445
-100.0,100,1417.744093
-100.0,100,1419.792798
-100.0,100,1421.804013
-100.0,100,1423.796092
-100.0,100,1425.663269
-100.0,100,1427.740855
-100.0,100,1429.844723
-100.0,100,1431.868958
-100.0,100,1433.939327
-100.0,100,1436.005445
-100.0,100,1438.161691
-100.0,100,1440.284128
-100.0,100,1442.294402
-100.0,100,1444.179504
-100.0,100,1446.012361
-100.0,100,1447.931557
-100.0,100,1449.7536
-100.0,100,1451.594764
-100.0,100,1453.4307
-100.0,100,1455.245986
-100.0,100,1457.106329
-100.0,100,1458.934367
-100.0,100,1460.816479
-100.0,100,1462.648028
-100.0,100,1464.478413
-100.0,100,1466.30115
-100.0,100,1468.097212
-100.0,100,1469.959503
-100.0,100,1471.606174
-100.0,100,1473.159206
-100.0,100,1474.690591
-100.0,100,1476.229109
-100.0,100,1477.75591
-100.0,100,1479.303138
-100.0,100,1480.837878
-100.0,100,1482.379122
-100.0,100,1483.908766
-100.0,100,1485.450237
-100.0,100,1486.950317
-100.0,100,1488.588956
-100.0,100,1490.654159
-100.0,100,1492.672523
-100.0,100,1494.674554
-100.0,100,1496.747254
-100.0,100,1498.74516
-100.0,100,1500.759514
-100.0,100,1502.884163
-99.0,100,1504.885377
-100.0,100,1507.030671
-100.0,100,1509.200017
-100.0,100,1511.362177
-100.0,100,1513.527383
-100.0,100,1515.690579
-100.0,100,1528.302486
-100.0,100,1530.468245
-100.0,100,1532.625437
-100.0,100,1534.736782
-100.0,100,1536.86409
-100.0,100,1539.017829
-100.0,100,1541.17001
-100.0,100,1543.325004
-100.0,100,1545.45551
-100.0,100,1547.623441
-100.0,100,1549.774769
-100.0,100,1551.945794
-100.0,100,1554.111788
-100.0,100,1556.27443
-100.0,100,1558.432383
-100.0,100,1560.622035
-100.0,100,1562.784102
-100.0,100,1564.932862
-100.0,100,1567.095881
-100.0,100,1569.242683
-100.0,100,1571.310492
-100.0,100,1572.917638
-100.0,100,1574.472602
-100.0,100,1576.04085
-100.0,100,1577.852001
-100.0,100,1579.754021
-100.0,100,1581.762091
-100.0,100,1583.775928
-100.0,100,1585.781792
-100.0,100,1587.833858
-100.0,100,1589.799153
-100.0,100,1591.934029
-100.0,100,1593.959951
-100.0,100,1595.751152
-100.0,100,1597.570649
-100.0,100,1599.520922
-100.0,100,1601.417861
-100.0,100,1603.557602
-100.0,100,1605.711763
-100.0,100,1607.765324
-100.0,100,1609.825225
-100.0,100,1611.883471
-100.0,100,1613.947782
-100.0,100,1616.013394
-100.0,100,1618.119066
-100.0,100,1620.243899
-100.0,100,1622.350226
-100.0,100,1624.387419
-100.0,100,1626.459141
-100.0,100,1628.454562
-100.0,100,1630.387684
-100.0,100,1632.339264
-100.0,100,1634.301185
-100.0,100,1636.275128
-100.0,100,1638.297905
-100.0,100,1640.429001
-100.0,100,1642.562902
-100.0,100,1644.649471
-100.0,100,1646.79182
-100.0,100,1648.954689
-100.0,100,1651.08534
-100.0,100,1653.183091
-100.0,100,1655.339669
-100.0,100,1657.484628
-100.0,100,1659.614698
-100.0,100,1661.606395
-100.0,100,1663.734591
-100.0,100,1665.812761
-100.0,100,1667.720673
-100.0,100,1669.728331
-100.0,100,1671.875127
-100.0,100,1674.029005
-100.0,100,1676.181685
-100.0,100,1678.257205
-100.0,100,1680.417433
-100.0,100,1682.502892
-100.0,100,1684.645483
-100.0,100,1686.769042
-100.0,100,1688.908564
-100.0,100,1691.042936
-100.0,100,1693.180134
-100.0,100,1694.966092
-100.0,100,1696.590441
-100.0,100,1698.228748
-100.0,100,1699.867122
-100.0,100,1701.765476
-100.0,100,1703.897806
-100.0,100,1706.035681
-100.0,100,1708.105766
-100.0,100,1710.249838
-100.0,100,1712.401012
-100.0,100,1714.513134
-100.0,100,1716.643242
-100.0,100,1718.664755
-100.0,100,1720.282948
-100.0,100,1721.915479
-100.0,100,1723.550377
-99.0,100,1725.186033
-100.0,100,1726.823234
-100.0,100,1728.959291
-100.0,100,1741.5756
-100.0,100,1743.66993
-100.0,100,1745.761421
-100.0,100,1747.699099
-100.0,100,1749.606175
-100.0,100,1751.451893
-100.0,100,1753.328044
-100.0,100,1755.289022
-100.0,100,1757.275576
-100.0,100,1759.266439
-100.0,100,1761.372561
-100.0,100,1763.457375
-100.0,100,1765.062164
-100.0,100,1766.875716
-100.0,100,1768.771262
-100.0,100,1770.675385
-100.0,100,1772.692792
-100.0,100,1774.657969
-100.0,100,1776.526658
-100.0,100,1778.426597
-100.0,100,1780.328766
-100.0,100,1782.902937
-100.0,100,1785.485552
-100.0,100,1788.092279
-100.0,100,1790.685233
-100.0,100,1793.190154
-100.0,100,1795.685748
-100.0,100,1798.266692
-100.0,100,1800.909283
-100.0,100,1803.511863
-100.0,100,1806.05974
-100.0,100,1808.641476
-100.0,100,1811.22271
-100.0,100,1813.79371
-100.0,100,1816.322363
-100.0,100,1818.835578
-100.0,100,1821.37414
-100.0,100,1823.91254
-100.0,100,1826.26395
-100.0,100,1828.296072
-100.0,100,1830.326066
-100.0,100,1832.346548
-100.0,100,1834.743
-100.0,100,1837.272166
-100.0,100,1839.694412
-100.0,100,1841.734786
-100.0,100,1844.120885
-100.0,100,1846.538094
-100.0,100,1848.743929
-100.0,100,1850.608648
-100.0,100,1852.28492
-100.0,100,1854.083702
-100.0,100,1856.019876
-100.0,100,1857.894181
-100.0,100,1859.707245
-100.0,100,1861.607443
-100.0,100,1863.576514
-100.0,100,1865.518269
-100.0,100,1867.564436
-100.0,100,1869.621137
-100.0,100,1871.747261
-100.0,100,1873.901266
-100.0,100,1876.026763
-100.0,100,1878.176665
-100.0,100,1880.699187
-100.0,100,1883.329657
-100.0,100,1885.904532
-100.0,100,1888.50683
-100.0,100,1891.077215
-100.0,100,1893.683939
-100.0,100,1896.269886
-100.0,100,1898.875496
-100.0,100,1901.361239
-100.0,100,1903.722286
-100.0,100,1906.316156
-100.0,100,1909.065685
-100.0,100,1911.427266
-100.0,100,1913.563668
-100.0,100,1915.691635
-100.0,100,1917.848583
-100.0,100,1920.488298
-100.0,100,1923.29354
-100.0,100,1926.072026
-100.0,100,1928.741035
-100.0,100,1931.305691
-100.0,100,1933.998245
-100.0,100,1936.592769
-100.0,100,1939.179587
-100.0,100,1941.497521
-100.0,100,1943.372428
-100.0,100,1945.176754
-100.0,100,1947.001975
-100.0,100,1948.83199
-100.0,100,1950.680504
-100.0,100,1952.507798
-100.0,100,1954.417032
-100.0,100,1956.340915
-100.0,100,1958.249583
-100.0,100,1959.963458
-100.0,100,1961.550615
-100.0,100,1973.691165
-100.0,100,1975.334247
-100.0,100,1976.890547
-100.0,100,1978.474756
-100.0,100,1980.099117
-100.0,100,1981.695134
-100.0,100,1983.29204
-100.0,100,1984.89704
-100.0,100,1986.943872
-100.0,100,1989.109779
-100.0,100,1991.265527
-100.0,100,1993.370058
-100.0,100,1995.476274
-100.0,100,1997.450301
-100.0,100,1999.246389
-100.0,100,2001.050062
-100.0,100,2002.869028
-100.0,100,2004.667187
-100.0,100,2006.468008
-100.0,100,2008.250987
-100.0,100,2010.060037
-100.0,100,2011.879337
-100.0,100,2013.686528
-100.0,100,2015.491542
-100.0,100,2017.311783
-100.0,100,2019.132598
-100.0,100,2020.930978
-100.0,100,2022.957534
-100.0,100,2025.108085
-100.0,100,2027.228885
-100.0,100,2029.373995
-100.0,100,2031.50979
-100.0,100,2033.458951
-100.0,100,2035.262706
-100.0,100,2037.000834
-100.0,100,2038.832911
-100.0,100,2040.676352
-100.0,100,2042.363739
-100.0,100,2043.932603
-100.0,100,2045.591662
-100.0,100,2047.460339
-100.0,100,2049.279006
-100.0,100,2051.096816
-100.0,100,2052.890334
-100.0,100,2054.702031
-100.0,100,2056.318292
-100.0,100,2057.922648
-100.0,100,2059.662573
-100.0,100,2061.500564
-100.0,100,2063.309231
-100.0,100,2065.111329
-100.0,100,2066.834232
-100.0,100,2068.716384
-100.0,100,2070.597934
-100.0,100,2072.62885
-100.0,100,2074.407519
-100.0,100,2076.369058
-100.0,100,2078.574183
-100.0,100,2080.645772
-100.0,100,2082.790447
-100.0,100,2084.928692
-100.0,100,2087.132198
-100.0,100,2089.022998
-100.0,100,2090.805237
-100.0,100,2092.580022
-100.0,100,2094.392993
-100.0,100,2096.214639
-100.0,100,2098.110345
-100.0,100,2100.224982
-100.0,100,2102.331854
-100.0,100,2104.475429
-100.0,100,2106.567762
-100.0,100,2108.590037
-100.0,100,2110.717193
-100.0,100,2112.825824
-100.0,100,2114.914199
-100.0,100,2117.014909
-100.0,100,2119.101492
-100.0,100,2120.971241
-100.0,100,2122.836652
-100.0,100,2124.702456
-100.0,100,2126.518459
-100.0,100,2128.361403
-100.0,100,2130.249062
-100.0,100,2132.072417
-100.0,100,2133.89778
-100.0,100,2135.707711
-100.0,100,2137.539518
-100.0,100,2139.36945
-100.0,100,2141.179866
-100.0,100,2143.006513
-100.0,100,2144.827107
-100.0,100,2146.626928
-100.0,100,2148.387381
-100.0,100,2150.090112
-100.0,100,2151.812465
-100.0,100,2153.553867
-100.0,100,2155.430512
-100.0,100,2157.388693
-100.0,100,2159.301442
-100.0,100,2171.643727
-100.0,100,2173.643865
-100.0,100,2175.593634
-100.0,100,2177.53572
-100.0,100,2179.543293
-100.0,100,2181.55753
-100.0,100,2183.62888
-100.0,100,2185.70497
-100.0,100,2187.788566
-100.0,100,2189.921117
-100.0,100,2192.041643
-100.0,100,2194.141888
-100.0,100,2196.193273
-100.0,100,2198.262391
-100.0,100,2200.335377
-100.0,100,2202.418762
-100.0,100,2204.494688
-100.0,100,2206.67746
-100.0,100,2208.82332
-100.0,100,2210.922911
-100.0,100,2213.026449
-100.0,100,2215.119394
-100.0,100,2217.196065
-100.0,100,2219.228459
-100.0,100,2221.29233
-100.0,100,2223.386422
-100.0,100,2225.433861
-100.0,100,2227.478301
-100.0,100,2229.502028
-100.0,100,2231.534068
-100.0,100,2233.5982
-100.0,100,2235.642048
-100.0,100,2237.6803
-100.0,100,2239.720814
-100.0,100,2241.812617
-100.0,100,2243.856325
-100.0,100,2245.90381
-100.0,100,2247.944713
-100.0,100,2250.041855
-100.0,100,2252.100461
-100.0,100,2254.119494
-100.0,100,2256.146855
-100.0,100,2258.171111
-100.0,100,2260.221591
-100.0,100,2262.249373
-100.0,100,2264.284841
-100.0,100,2266.323977
-100.0,100,2268.382041
-100.0,100,2270.440897
-100.0,100,2272.482196
-100.0,100,2274.524909
-100.0,100,2276.605394
-100.0,100,2278.663117
-100.0,100,2280.735909
-100.0,100,2282.797382
-100.0,100,2284.8444
-100.0,100,2286.873268
-100.0,100,2288.918613
-100.0,100,2290.931458
-100.0,100,2292.998005
-100.0,100,2295.030664
-100.0,100,2296.997213
-100.0,100,2298.980794
-100.0,100,2300.980578
-100.0,100,2302.98517
-100.0,100,2305.041985
-100.0,100,2307.088064
-100.0,100,2309.057036
-100.0,100,2311.056786
-100.0,100,2313.018018
-100.0,100,2314.999279
-100.0,100,2317.004249
-100.0,100,2319.038471
-100.0,100,2321.089919
-100.0,100,2323.082696
-100.0,100,2325.102534
-100.0,100,2327.14461
-100.0,100,2329.175168
-100.0,100,2331.227035
-100.0,100,2333.294994
-100.0,100,2335.374388
-100.0,100,2337.415923
-100.0,100,2339.463404
-100.0,100,2341.482419
-100.0,100,2343.298569
-100.0,100,2344.927453
-100.0,100,2346.519356
-100.0,100,2348.14305
-100.0,100,2349.734531
-100.0,100,2351.347296
-100.0,100,2353.223567
-100.0,100,2355.132364
-100.0,100,2357.005253
-100.0,100,2358.932411
-100.0,100,2360.87829
-100.0,100,2363.002225
-100.0,100,2365.168032
-100.0,100,2367.324418
-100.0,100,2369.393503
-100.0,100,2371.231154
-100.0,100,2384.084763
-100.0,100,2386.215137
-100.0,100,2388.372687
-100.0,100,2390.577313
-100.0,100,2392.76212
-100.0,100,2394.922499
-100.0,100,2397.133155
-100.0,100,2399.299463
-100.0,100,2401.401895
-100.0,100,2403.514318
-100.0,100,2405.604763
-100.0,100,2407.725367
-100.0,100,2409.791502
-100.0,100,2411.415146
-100.0,100,2413.200605
-100.0,100,2415.066612
-100.0,100,2416.889396
-100.0,100,2418.685359
-100.0,100,2420.501164
-100.0,100,2422.313399
-100.0,100,2424.12733
-100.0,100,2425.945096
-100.0,100,2427.735235
-100.0,100,2429.566466
-100.0,100,2431.821145
-100.0,100,2434.087481
-100.0,100,2436.344335
-100.0,100,2438.699344
-100.0,100,2441.078675
-100.0,100,2443.356346
-100.0,100,2445.619675
-100.0,100,2447.841322
-100.0,100,2450.0869
-100.0,100,2452.331758
-100.0,100,2454.604635
-100.0,100,2456.895948
-100.0,100,2459.156435
-100.0,100,2461.191334
-100.0,100,2463.263094
-100.0,100,2465.477595
-100.0,100,2467.649275
-100.0,100,2469.738069
-100.0,100,2471.790601
-100.0,100,2473.902495
-100.0,100,2475.995932
-100.0,100,2478.098113
-100.0,100,2480.188695
-100.0,100,2482.364011
-100.0,100,2484.46986
-100.0,100,2486.569753
-100.0,100,2488.729237
-100.0,100,2490.839263
-100.0,100,2492.879719
-100.0,100,2494.901699
-100.0,100,2496.934269
-100.0,100,2498.93986
-100.0,100,2500.682273
-100.0,100,2502.700723
-100.0,100,2504.425992
-100.0,100,2505.822866
-100.0,100,2507.171938
-100.0,100,2508.508224
-100.0,100,2509.840916
-100.0,100,2511.714081
-100.0,100,2513.714534
-100.0,100,2515.738955
-100.0,100,2517.814299
-100.0,100,2519.895272
-100.0,100,2521.941688
-100.0,100,2523.948682
-100.0,100,2526.074138
-100.0,100,2528.210387
-100.0,100,2530.328701
-100.0,100,2532.470353
-100.0,100,2534.652589
-100.0,100,2536.813261
-100.0,100,2538.933807
-100.0,100,2541.082667
-100.0,100,2543.259018
-100.0,100,2545.462754
-100.0,100,2547.678163
-100.0,100,2549.813088
-100.0,100,2551.929367
-100.0,100,2554.089992
-100.0,100,2556.224752
-100.0,100,2558.32351
-100.0,100,2560.39908
-100.0,100,2562.506398
-100.0,100,2564.545548
-100.0,100,2566.474431
-100.0,100,2568.539623
-100.0,100,2570.599127
-100.0,100,2572.718886
-100.0,100,2574.792727
-100.0,100,2576.814641
-100.0,100,2578.695309
-100.0,100,2580.619611
-100.0,100,2582.346459
-100.0,100,2583.794205
-100.0,100,2585.250002
-100.0,100,2596.894578
-100.0,100,2598.927681
-100.0,100,2600.93119
-100.0,100,2602.983519
-100.0,100,2605.123171
-100.0,100,2607.216725
-100.0,100,2609.252247
-100.0,100,2611.279667
-100.0,100,2613.159703
-100.0,100,2614.830838
-100.0,100,2616.726028
-100.0,100,2618.606238
-100.0,100,2620.553907
-100.0,100,2622.436404
-100.0,100,2624.344996
-100.0,100,2626.245624
-100.0,100,2628.138314
-100.0,100,2630.048511
-100.0,100,2631.947174
-100.0,100,2633.905316
-100.0,100,2635.804667
-100.0,100,2637.701581
-100.0,100,2639.595279
-100.0,100,2641.491041
-100.0,100,2643.377033
-100.0,100,2645.300051
-100.0,100,2647.102501
-100.0,100,2649.008729
-100.0,100,2650.909986
-100.0,100,2652.763731
-100.0,100,2654.593345
-100.0,100,2656.501421
-100.0,100,2658.334662
-100.0,100,2660.161715
-100.0,100,2662.014719
-100.0,100,2663.900844
-100.0,100,2665.787609
-100.0,100,2667.739402
-100.0,100,2669.634925
-100.0,100,2671.410933
-100.0,100,2673.217985
-100.0,100,2674.994363
-100.0,100,2676.965531
-100.0,100,2678.932136
-100.0,100,2680.902036
-100.0,100,2682.882689
-100.0,100,2684.819234
-100.0,100,2686.704282
-100.0,100,2688.606725
-100.0,100,2690.544613
-100.0,100,2692.396645
-100.0,100,2694.2644
-100.0,100,2696.088783
-100.0,100,2698.008911
-100.0,100,2699.893882
-100.0,100,2701.743707
-100.0,100,2703.716697
-100.0,100,2705.718561
-100.0,100,2707.774491
-100.0,100,2709.571717
-100.0,100,2710.934647
-100.0,100,2712.321795
-100.0,100,2713.683907
-100.0,100,2715.060229
-100.0,100,2716.442722
-100.0,100,2717.840659
-100.0,100,2719.228754
-100.0,100,2720.599202
-100.0,100,2721.974087
-100.0,100,2723.347252
-100.0,100,2724.70412
-100.0,100,2726.090654
-100.0,100,2727.484523
-100.0,100,2728.863882
-100.0,100,2730.2554
-100.0,100,2731.660378
-100.0,100,2733.044183
-100.0,100,2734.464331
-100.0,100,2735.84443
-100.0,100,2737.246393
-100.0,100,2738.665208
-100.0,100,2740.05269
-100.0,100,2741.417795
-100.0,100,2742.788729
-100.0,100,2744.139913
-100.0,100,2745.494391
-100.0,100,2746.838518
-100.0,100,2748.18782
-100.0,100,2749.532234
-100.0,100,2750.90824
-100.0,100,2752.015842
-100.0,100,2753.086586
-100.0,100,2754.158605
-100.0,100,2755.208366
-100.0,100,2756.268374
-100.0,100,2758.043828
-100.0,100,2759.311943
-100.0,100,2760.379778
-100.0,100,2761.446794
-100.0,100,2762.523258
-100.0,100,2772.573928
-100.0,100,2773.636887
-100.0,100,2774.692205
-100.0,100,2775.757509
-100.0,100,2776.813491
-100.0,100,2777.883757
-100.0,100,2778.946198
-100.0,100,2780.006276
-100.0,100,2781.061001
-100.0,100,2782.133715
-100.0,100,2783.191634
-100.0,100,2784.462302
-100.0,100,2785.65009
-100.0,100,2786.72051
-100.0,100,2787.772302
-100.0,100,2788.814682
-100.0,100,2789.854743
-100.0,100,2790.894922
-100.0,100,2791.935981
-100.0,100,2792.9732
-100.0,100,2794.027341
-100.0,100,2795.082128
-100.0,100,2796.143472
-100.0,100,2797.177093
-100.0,100,2798.242729
-100.0,100,2799.308114
-100.0,100,2800.367018
-100.0,100,2801.421334
-100.0,100,2802.472605
-100.0,100,2803.514505
-100.0,100,2804.560665
-100.0,100,2805.608583
-100.0,100,2807.369393
-100.0,100,2809.29741
-100.0,100,2811.320601
-100.0,100,2813.224043
-100.0,100,2815.323407
-100.0,100,2817.406772
-100.0,100,2819.46575
-100.0,100,2821.192229
-100.0,100,2823.222504
-100.0,100,2825.277398
-100.0,100,2827.337057
-100.0,100,2829.308175
-100.0,100,2831.365939
-100.0,100,2833.417023
-100.0,100,2835.476764
-100.0,100,2837.60611
-100.0,100,2839.654788
-100.0,100,2841.729424
-100.0,100,2843.717114
-100.0,100,2845.742068
-100.0,100,2847.910984
-100.0,100,2850.031074
-100.0,100,2852.097047
-100.0,100,2854.164696
-100.0,100,2856.244957
-100.0,100,2858.337985
-100.0,100,2860.433378
-100.0,100,2862.508405
-100.0,100,2864.635903
-100.0,100,2866.715294
-100.0,100,2868.80782
-100.0,100,2870.944389
-100.0,100,2873.050848
-100.0,100,2875.111432
-100.0,100,2877.182956
-100.0,100,2879.251859
-100.0,100,2881.335531
-100.0,100,2883.439824
-100.0,100,2885.52022
-100.0,100,2887.64582
-100.0,100,2889.711718
-100.0,100,2891.821954
-100.0,100,2893.87791
-100.0,100,2895.976104
-100.0,100,2898.082913
-100.0,100,2900.191843
-100.0,100,2902.281219
-100.0,100,2904.355318
-100.0,100,2906.426985
-100.0,100,2908.487712
-100.0,100,2910.360907
-100.0,100,2912.43832
-100.0,100,2914.53369
-100.0,100,2916.592604
-100.0,100,2918.665831
-100.0,100,2920.742324
-100.0,100,2922.816449
-100.0,100,2924.901618
-100.0,100,2926.942502
-100.0,100,2928.999263
-100.0,100,2931.074519
-100.0,100,2933.141551
-100.0,100,2935.211682
-100.0,100,2937.240301
-100.0,100,2939.299182
-100.0,100,2941.334717
-100.0,100,2943.322437
-100.0,100,2945.3736
-100.0,100,2956.651971
-100.0,100,2958.751366
-100.0,100,2960.856456
-100.0,100,2962.929788
-100.0,100,2965.047919
-100.0,100,2967.105559
-100.0,100,2969.187196
-100.0,100,2971.216323
-100.0,100,2973.236759
-100.0,100,2975.310714
-100.0,100,2977.36965
-100.0,100,2979.450132
-100.0,100,2981.520861
-100.0,100,2983.645219
-100.0,100,2985.741526
-100.0,100,2987.850508
-100.0,100,2989.776186
-100.0,100,2991.896807
-100.0,100,2993.993269
-100.0,100,2996.024101
-100.0,100,2998.106825
-100.0,100,3000.105189
-100.0,100,3002.15041
-100.0,100,3004.214694
-100.0,100,3006.286733
-100.0,100,3008.421261
-100.0,100,3010.538788
-100.0,100,3012.613036
-100.0,100,3014.687984
-100.0,100,3016.773214
-100.0,100,3018.875135
-100.0,100,3020.986536
-100.0,100,3023.031382
-100.0,100,3025.146155
-100.0,100,3027.254361
-100.0,100,3029.34746
-100.0,100,3031.454432
-100.0,100,3033.565264
-100.0,100,3035.637621
-100.0,100,3037.679356
-100.0,100,3039.744682
-100.0,100,3041.801914
-100.0,100,3043.87367
-100.0,100,3045.927813
-100.0,100,3048.031183
-100.0,100,3050.113247
-100.0,100,3052.188827
-100.0,100,3054.278998
-100.0,100,3056.396531
-100.0,100,3058.517673
-100.0,100,3060.614028
-100.0,100,3062.731285
-100.0,100,3064.867291
-100.0,100,3066.941294
-100.0,100,3069.021535
-100.0,100,3071.124741
-100.0,100,3073.211398
-100.0,100,3074.687752
-100.0,100,3076.591647
-100.0,100,3078.707267
-100.0,100,3080.863539
-100.0,100,3082.751417
-100.0,100,3084.847524
-100.0,100,3086.940288
-100.0,100,3089.023143
-100.0,100,3091.075645
-100.0,100,3093.143707
-100.0,100,3095.262876
-100.0,100,3097.356618
-100.0,100,3099.472806
-100.0,100,3101.540215
-100.0,100,3103.582659
-100.0,100,3105.65823
-100.0,100,3107.742077
-100.0,100,3109.834057
-100.0,100,3111.886073
-100.0,100,3113.914757
-100.0,100,3115.927202
-100.0,100,3117.877046
-100.0,100,3119.839007
-100.0,100,3121.832133
-100.0,100,3123.826453
-100.0,100,3125.767069
-100.0,100,3127.439312
-100.0,100,3129.192298
-100.0,100,3130.624474
-100.0,100,3132.064556
-100.0,100,3133.495891
-100.0,100,3134.910978
-100.0,100,3136.327109
-100.0,100,3137.720531
-100.0,100,3139.139294
-100.0,100,3140.580467
-100.0,100,3141.99925
-100.0,100,3143.425175
-100.0,100,3144.860802
-100.0,100,3146.287149
-100.0,100,3147.738597
-100.0,100,3149.164928
-100.0,100,3150.864169
-100.0,100,3162.2274
-100.0,100,3164.300471
-100.0,100,3166.334281
-100.0,100,3168.404969
-100.0,100,3170.497991
-100.0,100,3172.549809
-100.0,100,3174.398746
-100.0,100,3175.806458
-100.0,100,3177.756617
-100.0,100,3179.398919
-100.0,100,3181.427022
-100.0,100,3183.45221
-100.0,100,3185.455825
-100.0,100,3187.539458
-100.0,100,3189.569437
-100.0,100,3191.671002
-100.0,100,3193.727643
-100.0,100,3195.786705
-100.0,100,3197.840565
-100.0,100,3199.840862
-100.0,100,3201.869864
-100.0,100,3203.913669
-100.0,100,3205.980519
-100.0,100,3208.042894
-100.0,100,3210.108429
-100.0,100,3212.161058
-100.0,100,3214.203301
-100.0,100,3216.234559
-100.0,100,3218.288971
-100.0,100,3220.338845
-100.0,100,3222.375892
-100.0,100,3224.40581
-100.0,100,3226.474561
-100.0,100,3228.596506
-100.0,100,3230.658054
-100.0,100,3232.711213
-100.0,100,3234.826313
-100.0,100,3236.925154
-100.0,100,3239.057178
-100.0,100,3241.149889
-100.0,100,3243.257312
-100.0,100,3245.343919
-100.0,100,3247.443768
-100.0,100,3249.542095
-100.0,100,3251.659855
-100.0,100,3253.736406
-100.0,100,3255.856401
-100.0,100,3257.956298
-100.0,100,3260.090876
-100.0,100,3262.001032
-100.0,100,3264.069242
-100.0,100,3266.156792
-100.0,100,3268.25803
-100.0,100,3270.372222
-100.0,100,3272.491823
-100.0,100,3274.572866
-100.0,100,3276.662064
-100.0,100,3278.758611
-100.0,100,3280.841376
-100.0,100,3282.913438
-100.0,100,3284.972749
-100.0,100,3286.94257
-100.0,100,3289.013733
-100.0,100,3291.08602
-100.0,100,3293.156661
-100.0,100,3295.239172
-100.0,100,3297.309151
-100.0,100,3299.339318
-100.0,100,3301.446436
-100.0,100,3303.530276
-100.0,100,3305.630471
-100.0,100,3307.750316
-100.0,100,3309.881936
-100.0,100,3311.96019
-100.0,100,3313.871726
-100.0,100,3315.928493
-100.0,100,3318.049328
-100.0,100,3320.104908
-100.0,100,3322.167237
-100.0,100,3324.217651
-100.0,100,3326.021274
-100.0,100,3327.618655
-100.0,100,3329.698809
-100.0,100,3331.786196
-100.0,100,3333.831698
-100.0,100,3335.975498
-100.0,100,3338.05522
-100.0,100,3340.184273
-100.0,100,3342.229823
-100.0,100,3344.16456
-100.0,100,3346.23903
-100.0,100,3348.328104
-100.0,100,3349.876274
-100.0,100,3351.712249
-100.0,100,3353.776239
-100.0,100,3355.836231
-100.0,100,3357.91806
-100.0,100,3360.090216
-100.0,100,3362.192866
-100.0,100,3364.254696
-100.0,100,3375.134975
-100.0,100,3376.595885
-100.0,100,3378.054686
-100.0,100,3379.519038
-100.0,100,3380.984694
-100.0,100,3382.585973
-100.0,100,3384.037762
-100.0,100,3385.47722
-100.0,100,3386.923783
-100.0,100,3388.377111
-100.0,100,3389.821133
-100.0,100,3391.64485
-100.0,100,3393.684158
-100.0,100,3395.389521
-100.0,100,3397.455694
-100.0,100,3399.514361
-100.0,100,3401.644607
-100.0,100,3403.722124
-100.0,100,3405.761141
-100.0,100,3407.824074
-100.0,100,3409.824399
-100.0,100,3411.882746
-100.0,100,3413.946154
-100.0,100,3416.083578
-100.0,100,3418.001439
-100.0,100,3420.031595
-100.0,100,3422.099904
-100.0,100,3423.819436
-100.0,100,3425.713917
-100.0,100,3427.790798
-100.0,100,3429.871651
-100.0,100,3431.974044
-100.0,100,3434.053944
-100.0,100,3436.123633
-100.0,100,3438.175111
-100.0,100,3440.231095
-100.0,100,3442.182337
-100.0,100,3444.233012
-100.0,100,3446.245641
-100.0,100,3448.3124
-100.0,100,3450.402267
-100.0,100,3452.478761
-100.0,100,3454.542467
-100.0,100,3456.622109
-100.0,100,3458.723781
-100.0,100,3460.821468
-100.0,100,3462.92037
-100.0,100,3464.973473
-100.0,100,3467.044184
-100.0,100,3469.109845
-100.0,100,3470.963232
-100.0,100,3472.910936
-100.0,100,3474.885279
-100.0,100,3476.966267
-100.0,100,3479.054525
-100.0,100,3481.106498
-100.0,100,3483.181574
-100.0,100,3485.2097
-100.0,100,3487.223813
-100.0,100,3489.287132
-100.0,100,3491.207885
-100.0,100,3493.190233
-100.0,100,3495.208105
-100.0,100,3497.269767
-100.0,100,3499.3448
-100.0,100,3501.441214
-100.0,100,3503.429144
-100.0,100,3505.412224
-100.0,100,3507.518079
-100.0,100,3509.592154
-100.0,100,3511.724365
-100.0,100,3513.797259
-100.0,100,3515.79966
-100.0,100,3517.690146
-100.0,100,3519.607297
-100.0,100,3521.410619
-100.0,100,3523.310692
-100.0,100,3525.224055
-100.0,100,3527.09285
-100.0,100,3529.04683
-100.0,100,3530.992359
-100.0,100,3532.95949
-100.0,100,3534.9345
-100.0,100,3536.904747
-100.0,100,3538.886525
-100.0,100,3540.966401
-100.0,100,3543.026702
-100.0,100,3544.967937
-100.0,100,3546.889747
-100.0,100,3548.820247
-100.0,100,3550.735296
-100.0,100,3552.705252
-100.0,100,3554.704036
-100.0,100,3556.692081
-100.0,100,3558.660997
-100.0,100,3560.817658
-100.0,100,3562.877871
-100.0,100,3564.912266
-100.0,100,3566.869185
-100.0,100,3568.838708
-100.0,100,3580.287171
-100.0,100,3582.208932
-100.0,100,3583.995107
-100.0,100,3585.913718
-100.0,100,3587.785057
-100.0,100,3589.714745
-100.0,100,3591.343553
-100.0,100,3593.138103
-100.0,100,3595.174008
-100.0,100,3597.139495
-100.0,100,3599.138476
-100.0,100,3601.022588
-100.0,100,3603.153757
-100.0,100,3605.230573
-100.0,100,3607.286438
-100.0,100,3609.250401
-100.0,100,3611.043566
-100.0,100,3613.001601
-100.0,100,3614.942502
-100.0,100,3616.889043
-100.0,100,3618.941283
-100.0,100,3620.948282
-100.0,100,3622.959437
-100.0,100,3625.000219
-100.0,100,3627.067665
-100.0,100,3629.048139
-100.0,100,3631.051502
-100.0,100,3633.056346
-100.0,100,3635.058229
-100.0,100,3636.910359
-100.0,100,3638.36097
-100.0,100,3640.175506
-100.0,100,3642.211953
-100.0,100,3644.239494
-100.0,100,3646.030902
-100.0,100,3648.091065
-100.0,100,3650.166499
-100.0,100,3652.232186
-100.0,100,3654.312014
-100.0,100,3656.367312
-100.0,100,3658.442409
-100.0,100,3660.533743
-100.0,100,3662.573578
-100.0,100,3664.597394
-100.0,100,3666.686307
-100.0,100,3668.79501
-100.0,100,3670.850614
-100.0,100,3672.700776
-100.0,100,3674.706609
-100.0,100,3676.798851
-100.0,100,3678.867706
-100.0,100,3680.838937
-100.0,100,3682.929465
-100.0,100,3684.848441
-100.0,100,3686.89091
-100.0,100,3688.983344
-100.0,100,3691.091417
-100.0,100,3693.183042
-100.0,100,3695.121082
-100.0,100,3697.184323
-100.0,100,3699.246029
-100.0,100,3701.31353
-100.0,100,3703.475197
-100.0,100,3705.505739
-100.0,100,3707.328138
-100.0,100,3709.105416
-100.0,100,3710.865907
-100.0,100,3712.651427
-100.0,100,3714.420287
-100.0,100,3716.249801
-100.0,100,3718.090593
-100.0,100,3720.142975
-100.0,100,3722.210047
-100.0,100,3724.182651
-100.0,100,3726.137851
-100.0,100,3728.168956
-100.0,100,3730.212679
-100.0,100,3732.29917
-100.0,100,3734.339633
-100.0,100,3736.386102
-100.0,100,3738.457187
-100.0,100,3740.400945
-100.0,100,3742.433872
-100.0,100,3744.499445
-100.0,100,3746.569835
-100.0,100,3748.55592
-100.0,100,3750.584239
-100.0,100,3752.608708
-100.0,100,3754.618818
-100.0,100,3756.609927
-100.0,100,3758.626969
-100.0,100,3760.624771
-100.0,100,3762.629524
-100.0,100,3764.647444
-100.0,100,3766.566844
-100.0,100,3768.363292
-100.0,100,3770.144613
-100.0,100,3771.936424
-100.0,100,3773.719322
-100.0,100,3775.521833
-100.0,100,3786.293247
-100.0,100,3788.37961
-100.0,100,3790.505109
-100.0,100,3792.579291
-100.0,100,3794.61333
-100.0,100,3796.688141
-100.0,100,3798.753348
-100.0,100,3800.814704
-100.0,100,3802.878751
-100.0,100,3804.943904
-100.0,100,3807.032474
-100.0,100,3809.102762
-100.0,100,3811.17428
-100.0,100,3813.198909
-100.0,100,3815.199466
-100.0,100,3817.222535
-100.0,100,3819.212226
-100.0,100,3821.206001
-100.0,100,3823.180564
-100.0,100,3825.144591
-100.0,100,3827.166335
-100.0,100,3829.188938
-100.0,100,3831.219232
-100.0,100,3833.224428
-100.0,100,3835.251806
-100.0,100,3837.279388
-100.0,100,3839.32776
-100.0,100,3841.214027
-100.0,100,3842.950814
-100.0,100,3844.627009
-100.0,100,3846.637548
-100.0,100,3848.689615
-100.0,100,3850.696479
-100.0,100,3852.755973
-100.0,100,3854.839205
-100.0,100,3856.880448
-100.0,100,3858.645263
-100.0,100,3859.967869
-100.0,100,3861.756314
-100.0,100,3863.532471
-100.0,100,3865.277139
-100.0,100,3867.06888
-100.0,100,3868.889996
-100.0,100,3870.675431
-100.0,100,3872.45397
-100.0,100,3874.199627
-100.0,100,3876.156929
-100.0,100,3878.214107
-100.0,100,3880.287392
-100.0,100,3882.405243
-100.0,100,3884.406936
-100.0,100,3886.511414
-100.0,100,3888.618625
-100.0,100,3890.731478
-100.0,100,3892.835047
-100.0,100,3894.925284
-100.0,100,3897.000335
-100.0,100,3899.026505
-100.0,100,3901.077566
-100.0,100,3903.064309
-100.0,100,3905.123338
-100.0,100,3907.195555
-100.0,100,3909.266751
-100.0,100,3911.330076
-100.0,100,3913.401112
-100.0,100,3915.425794
-100.0,100,3917.492726
-100.0,100,3919.502221
-100.0,100,3921.654497
-100.0,100,3923.739465
-100.0,100,3925.813822
-100.0,100,3927.886357
-100.0,100,3930.034294
-100.0,100,3932.140645
-100.0,100,3934.196475
-100.0,100,3936.274874
-100.0,100,3938.424778
-100.0,100,3940.532707
-100.0,100,3942.62201
-100.0,100,3944.696389
-100.0,100,3946.775711
-100.0,100,3948.84039
-100.0,100,3950.917699
-100.0,100,3953.032036
-100.0,100,3955.119623
-100.0,100,3957.160814
-100.0,100,3959.232464
-100.0,100,3961.301924
-100.0,100,3963.373453
-100.0,100,3965.454139
-100.0,100,3967.528268
-100.0,100,3969.596837
-100.0,100,3971.692952
-100.0,100,3973.811151
-100.0,100,3975.949087
-100.0,100,3978.070328
-100.0,100,3980.18034
-100.0,100,3982.326747
-100.0,100,3984.463936
-100.0,100,3986.531717
-100.0,100,3998.16175
-100.0,100,4000.300518
-100.0,100,4002.402918
-100.0,100,4004.466158
-100.0,100,4006.589344
-100.0,100,4008.646504
-100.0,100,4010.722178
-100.0,100,4012.813027
-100.0,100,4014.889569
-100.0,100,4016.957143
-100.0,100,4019.025746
-100.0,100,4021.124739
-100.0,100,4023.180662
-100.0,100,4025.267067
-100.0,100,4027.376392
-100.0,100,4029.475024
-100.0,100,4031.538224
-100.0,100,4033.626196
-100.0,100,4035.707277
-100.0,100,4037.779933
-100.0,100,4039.867831
-100.0,100,4041.952335
-100.0,100,4044.079218
-100.0,100,4046.158073
-100.0,100,4048.268136
-100.0,100,4050.31735
-100.0,100,4052.433273
-100.0,100,4054.523404
-100.0,100,4056.596397
-100.0,100,4058.693229
-100.0,100,4060.743239
-100.0,100,4062.80526
-100.0,100,4064.909425
-100.0,100,4067.007252
-100.0,100,4069.070922
-100.0,100,4071.147003
-100.0,100,4073.224035
-100.0,100,4075.272924
-100.0,100,4077.338053
-100.0,100,4079.440627
-100.0,100,4081.508999
-100.0,100,4083.581162
-100.0,100,4085.625918
-100.0,100,4087.686898
-100.0,100,4089.749928
-100.0,100,4091.342
-99.0,100,4092.775353
-100.0,100,4094.224987
-100.0,100,4095.692766
-100.0,100,4097.1635
-100.0,100,4098.602049
-100.0,100,4100.035266
-100.0,100,4101.95809
-100.0,100,4104.050694
-100.0,100,4106.126862
-100.0,100,4108.148731
-100.0,100,4110.148237
-100.0,100,4112.222286
-100.0,100,4114.225789
-100.0,100,4116.238796
-100.0,100,4118.222173
-100.0,100,4120.196448
-100.0,100,4122.267546
-100.0,100,4124.354686
-100.0,100,4126.43637
-100.0,100,4128.535211
-100.0,100,4130.614861
-100.0,100,4132.674352
-100.0,100,4134.771329
-100.0,100,4136.867575
-100.0,100,4139.000654
-100.0,100,4141.071737
-100.0,100,4143.181792
-100.0,100,4145.325735
-100.0,100,4147.448545
-100.0,100,4149.582794
-100.0,100,4151.66741
-100.0,100,4153.771634
-100.0,100,4155.889033
-100.0,100,4157.979553
-100.0,100,4160.077249
-100.0,100,4162.146094
-100.0,100,4164.229757
-100.0,100,4166.287135
-100.0,100,4168.35529
-100.0,100,4170.413669
-100.0,100,4172.473716
-100.0,100,4174.497043
-100.0,100,4176.527953
-100.0,100,4178.535336
-100.0,100,4180.645716
-100.0,100,4182.717122
-100.0,100,4184.814806
-100.0,100,4186.897128
-100.0,100,4188.988461
-100.0,100,4191.087115
-100.0,100,4193.159788
-100.0,100,4195.267857
-100.0,100,4197.337951
-100.0,100,4199.415047
-100.0,100,4210.947891
-100.0,100,4213.029254
-100.0,100,4215.093899
-100.0,100,4217.175584
-100.0,100,4219.247131
-100.0,100,4221.311593
-100.0,100,4223.393127
-100.0,100,4225.471779
-100.0,100,4227.552052
-100.0,100,4229.646908
-100.0,100,4231.738201
-100.0,100,4233.824185
-100.0,100,4235.879313
-100.0,100,4237.954523
-100.0,100,4240.027326
-100.0,100,4242.118275
-100.0,100,4244.185982
-100.0,100,4246.224222
-100.0,100,4248.275602
-100.0,100,4250.307698
-100.0,100,4252.389292
-100.0,100,4254.478629
-100.0,100,4256.575994
-100.0,100,4258.72417
-100.0,100,4260.829788
-100.0,100,4262.908149
-100.0,100,4264.927853
-100.0,100,4266.999755
-100.0,100,4269.103354
-100.0,100,4271.165903
-100.0,100,4273.242255
-100.0,100,4275.369835
-100.0,100,4277.489249
-100.0,100,4279.617505
-100.0,100,4281.714638
-100.0,100,4283.881749
-100.0,100,4286.014148
-100.0,100,4288.126533
-100.0,100,4290.206682
-100.0,100,4292.271865
-100.0,100,4294.349073
-100.0,100,4296.420588
-100.0,100,4298.492486
-100.0,100,4300.565365
-100.0,100,4302.646911
-100.0,100,4304.712751
-100.0,100,4306.784053
-100.0,100,4308.868148
-100.0,100,4310.890365
-100.0,100,4312.964336
-100.0,100,4315.068433
-100.0,100,4317.141806
-100.0,100,4319.208949
-100.0,100,4321.277555
-100.0,100,4323.362832
-100.0,100,4325.438218
-100.0,100,4327.538426
-100.0,100,4329.656318
-100.0,100,4331.75085
-100.0,100,4333.861525
-100.0,100,4335.952837
-100.0,100,4338.070607
-100.0,100,4340.140121
-100.0,100,4342.207418
-100.0,100,4344.301276
-100.0,100,4346.370886
-100.0,100,4348.44713
-100.0,100,4350.522644
-100.0,100,4352.613529
-100.0,100,4354.688174
-100.0,100,4356.78152
-100.0,100,4358.892213
-100.0,100,4360.961338
-100.0,100,4363.095754
-100.0,100,4365.194913
-100.0,100,4367.261181
-100.0,100,4369.367524
-100.0,100,4371.499438
-100.0,100,4373.607554
-100.0,100,4375.741717
-100.0,100,4377.799457
-100.0,100,4379.874827
-100.0,100,4381.979822
-100.0,100,4384.048366
-100.0,100,4386.13404
-100.0,100,4388.218367
-100.0,100,4390.325687
-100.0,100,4392.405261
-100.0,100,4394.494671
-100.0,100,4396.452693
-100.0,100,4398.454843
-100.0,100,4400.509103
-100.0,100,4402.448931
-100.0,100,4404.436993
-100.0,100,4406.52102
-100.0,100,4408.681301
-100.0,100,4410.842023
-100.0,100,4412.914136
-100.0,100,4414.979992
-100.0,100,4417.054847
-100.0,100,4428.429604
-100.0,100,4430.50902
-100.0,100,4432.586371
-100.0,100,4434.706362
-100.0,100,4436.759861
-100.0,100,4438.836213
-100.0,100,4440.888835
-100.0,100,4442.939913
-100.0,100,4445.016173
-100.0,100,4447.124714
-100.0,100,4449.241528
-100.0,100,4451.333888
-100.0,100,4453.41616
-100.0,100,4455.470629
-100.0,100,4457.55662
-100.0,100,4459.66074
-100.0,100,4461.769407
-100.0,100,4463.827395
-100.0,100,4465.872298
-100.0,100,4467.948516
-100.0,100,4470.013477
-100.0,100,4472.084551
-100.0,100,4474.178165
-100.0,100,4476.261481
-100.0,100,4478.334095
-100.0,100,4480.45123
-100.0,100,4482.578935
-100.0,100,4484.675504
-100.0,100,4486.799841
-100.0,100,4488.879975
-100.0,100,4490.996233
-100.0,100,4493.109303
-100.0,100,4495.225935
-100.0,100,4497.378154
-100.0,100,4499.451788
-100.0,100,4501.525383
-100.0,100,4503.517329
-100.0,100,4505.598056
-100.0,100,4507.696568
-100.0,100,4509.783403
-100.0,100,4511.842865
-100.0,100,4513.191201
-100.0,100,4515.19051
-100.0,100,4517.197346
-100.0,100,4518.397293
-100.0,100,4519.419135
-100.0,100,4520.444094
-100.0,100,4521.469813
-100.0,100,4522.511137
-100.0,100,4523.543298
-100.0,100,4524.584227
-100.0,100,4525.618473
-100.0,100,4526.658741
-100.0,100,4527.702454
-100.0,100,4528.805674
-100.0,100,4529.832977
-100.0,100,4530.88389
-100.0,100,4531.931588
-100.0,100,4532.968659
-100.0,100,4534.010998
-100.0,100,4535.054825
-100.0,100,4536.084456
-100.0,100,4537.663276
-100.0,100,4539.147377
-100.0,100,4540.171684
-100.0,100,4541.20259
-100.0,100,4542.231146
-100.0,100,4543.26653
-100.0,100,4544.32528
-100.0,100,4545.363997
-100.0,100,4546.397976
-100.0,100,4547.41972
-100.0,100,4548.464222
-100.0,100,4549.486439
-100.0,100,4550.521852
-100.0,100,4552.595439
-100.0,100,4554.74264
-100.0,100,4555.884711
-100.0,100,4556.902435
-100.0,100,4557.936949
-100.0,100,4558.965504
-100.0,100,4559.994689
-100.0,100,4561.017605
-100.0,100,4562.053623
-100.0,100,4563.086625
-100.0,100,4564.127181
-100.0,100,4565.183946
-100.0,100,4566.228743
-100.0,100,4567.28146
-100.0,100,4568.32177
-100.0,100,4569.376921
-100.0,100,4570.400176
-100.0,100,4571.450457
-100.0,100,4572.479851
-100.0,100,4573.512034
-100.0,100,4574.536279
-100.0,100,4575.562223
-100.0,100,4576.576226
-100.0,100,4578.280839
-100.0,100,4580.422011
-100.0,100,4592.725491
-100.0,100,4594.400631
-100.0,100,4595.421549
-100.0,100,4596.435676
-100.0,100,4597.471682
-100.0,100,4598.488852
-100.0,100,4599.511535
-100.0,100,4600.535308
-100.0,100,4601.580667
-100.0,100,4602.606982
-100.0,100,4603.63319
-100.0,100,4604.708873
-100.0,100,4606.422588
-100.0,100,4607.561398
-100.0,100,4608.598018
-100.0,100,4609.633276
-100.0,100,4610.662998
-100.0,100,4611.689348
-100.0,100,4613.129383
-100.0,100,4614.932509
-100.0,100,4616.795615
-100.0,100,4618.685649
-100.0,100,4620.625181
-100.0,100,4622.559852
-100.0,100,4624.437983
-100.0,100,4626.292364
-100.0,100,4628.210143
-100.0,100,4630.090065
-100.0,100,4631.987306
-100.0,100,4634.003314
-100.0,100,4636.057943
-100.0,100,4638.11515
-100.0,100,4640.192569
-100.0,100,4642.293815
-100.0,100,4644.369571
-100.0,100,4646.344504
-100.0,100,4648.212235
-100.0,100,4650.051891
-100.0,100,4651.847652
-100.0,100,4653.683048
-100.0,100,4655.554674
-100.0,100,4657.595046
-100.0,100,4659.639971
-100.0,100,4661.716541
-100.0,100,4663.784549
-100.0,100,4665.854118
-100.0,100,4667.974766
-100.0,100,4669.973436
-100.0,100,4671.897227
-100.0,100,4673.841052
-100.0,100,4675.804785
-100.0,100,4677.735058
-100.0,100,4679.61703
-100.0,100,4681.502074
-100.0,100,4683.439843
-100.0,100,4685.369368
-100.0,100,4687.342833
-100.0,100,4689.14013
-100.0,100,4690.811122
-100.0,100,4692.513599
-100.0,100,4694.332873
-100.0,100,4696.165654
-100.0,100,4697.942928
-100.0,100,4699.732191
-100.0,100,4701.468771
-100.0,100,4703.341642
-100.0,100,4705.191001
-100.0,100,4706.993978
-100.0,100,4708.839299
-100.0,100,4710.653406
-100.0,100,4712.529062
-100.0,100,4714.44084
-100.0,100,4716.400408
-100.0,100,4718.315725
-100.0,100,4720.251755
-100.0,100,4722.230092
-100.0,100,4724.162266
-100.0,100,4726.218505
-100.0,100,4728.26241
-100.0,100,4730.286005
-100.0,100,4732.325592
-100.0,100,4734.357567
-100.0,100,4736.405011
-100.0,100,4738.465372
-100.0,100,4740.496516
-100.0,100,4742.562733
-100.0,100,4744.653424
-100.0,100,4746.691421
-100.0,100,4748.687874
-100.0,100,4750.732455
-100.0,100,4752.662775
-100.0,100,4754.602038
-100.0,100,4756.563884
-100.0,100,4758.468991
-100.0,100,4760.419932
-100.0,100,4762.367763
-100.0,100,4764.336324
-100.0,100,4766.308879
-100.0,100,4768.238746
-100.0,100,4770.224088
-100.0,100,4781.649046
-100.0,100,4783.687494
-100.0,100,4785.6991
-100.0,100,4787.825108
-100.0,100,4789.961347
-100.0,100,4792.13517
-100.0,100,4794.25714
-100.0,100,4796.439139
-100.0,100,4798.616757
-100.0,100,4800.797508
-100.0,100,4802.816776
-100.0,100,4804.834397
-100.0,100,4806.969656
-100.0,100,4808.989635
-100.0,100,4810.945787
-100.0,100,4813.001533
-100.0,100,4815.058731
-100.0,100,4817.080169
-100.0,100,4819.649596
-100.0,100,4822.225885
-100.0,100,4824.817911
-100.0,100,4827.405488
-100.0,100,4829.52668
-100.0,100,4831.929779
-100.0,100,4834.205621
-100.0,100,4836.153733
-100.0,100,4838.516807
-100.0,100,4841.09098
-100.0,100,4843.389765
-100.0,100,4845.767596
-100.0,100,4848.277332
-100.0,100,4850.802438
-100.0,100,4853.323132
-100.0,100,4855.070935
-100.0,100,4857.131445
-100.0,100,4859.225941
-100.0,100,4861.778871
-100.0,100,4864.28763
-100.0,100,4866.818809
-100.0,100,4869.379822
-100.0,100,4871.966876
-100.0,100,4874.506026
-100.0,100,4877.056565
-100.0,100,4879.584175
-100.0,100,4881.701056
-100.0,100,4883.768035
-100.0,100,4885.840596
-100.0,100,4887.871516
-100.0,100,4889.822192
-100.0,100,4891.889022
-100.0,100,4893.930387
-100.0,100,4895.987892
-100.0,100,4898.060194
-100.0,100,4900.328601
-99.0,100,4902.554783
-100.0,100,4904.855423
-100.0,100,4907.225833
-100.0,100,4909.781859
-100.0,100,4912.307764
-100.0,100,4914.857587
-100.0,100,4917.40217
-100.0,100,4919.933122
-100.0,100,4922.43188
-100.0,100,4924.602319
-100.0,100,4927.109203
-100.0,100,4929.591298
-100.0,100,4931.723236
-100.0,100,4934.080332
-100.0,100,4936.627471
-100.0,100,4938.499644
-100.0,100,4940.284424
-100.0,100,4942.240865
-100.0,100,4944.513235
-100.0,100,4947.035211
-100.0,100,4949.560747
-100.0,100,4952.065865
-100.0,100,4954.655539
-100.0,100,4957.237427
-100.0,100,4959.828581
-100.0,100,4962.374049
-100.0,100,4964.26108
-100.0,100,4965.405354
-100.0,100,4966.602514
-100.0,100,4969.10494
-100.0,100,4971.691936
-100.0,100,4973.231322
-100.0,100,4975.738834
-100.0,100,4978.269634
-100.0,100,4980.59259
-100.0,100,4983.148988
-100.0,100,4985.736584
-100.0,100,4988.299259
-100.0,100,4990.859975
-100.0,100,4993.452905
-100.0,100,4996.003353
-100.0,100,4998.572268
-100.0,100,5000.882048
-100.0,100,5003.052942
-100.0,100,5005.64344
-100.0,100,5008.16788
-100.0,100,5020.077727
-100.0,100,5022.604662
-100.0,100,5025.114684
-100.0,100,5027.258594
-100.0,100,5029.402669
-100.0,100,5031.529928
-100.0,100,5033.690118
-100.0,100,5035.83887
-100.0,100,5037.985551
-100.0,100,5040.128186
-100.0,100,5042.284075
-100.0,100,5044.443806
-100.0,100,5046.577321
-100.0,100,5048.708994
-100.0,100,5050.848152
-100.0,100,5052.994582
-100.0,100,5055.116508
-100.0,100,5057.276345
-100.0,100,5059.4275
-100.0,100,5061.573775
-100.0,100,5063.725086
-100.0,100,5065.845033
-100.0,100,5067.912459
-100.0,100,5069.977461
-100.0,100,5072.026947
-100.0,100,5074.075405
-100.0,100,5076.111325
-100.0,100,5078.147627
-100.0,100,5080.181032
-100.0,100,5082.244673
-100.0,100,5084.33603
-100.0,100,5086.305516
-100.0,100,5088.378119
-100.0,100,5090.437762
-100.0,100,5092.488866
-100.0,100,5094.533541
-100.0,100,5096.57811
-100.0,100,5098.612979
-100.0,100,5100.664587
-100.0,100,5102.728344
-100.0,100,5104.809636
-100.0,100,5106.885174
-100.0,100,5108.914135
-100.0,100,5110.951567
-100.0,100,5113.00293
-100.0,100,5115.032568
-100.0,100,5117.143887
-100.0,100,5119.251553
-100.0,100,5121.348994
-100.0,100,5123.392298
-100.0,100,5125.450119
-100.0,100,5127.485238
-100.0,100,5129.531257
-100.0,100,5131.560689
-100.0,100,5133.596893
-100.0,100,5135.652592
-100.0,100,5137.725986
-100.0,100,5139.797675
-100.0,100,5141.84571
-100.0,100,5143.914818
-100.0,100,5145.996838
-100.0,100,5148.070626
-100.0,100,5150.185261
-100.0,100,5152.263379
-100.0,100,5154.388819
-100.0,100,5156.442047
-100.0,100,5158.474011
-100.0,100,5160.528236
-100.0,100,5162.61176
-100.0,100,5164.688235
-100.0,100,5166.744646
-100.0,100,5168.808645
-100.0,100,5170.890716
-100.0,100,5172.964
-100.0,100,5175.032165
-100.0,100,5177.122743
-100.0,100,5179.193168
-100.0,100,5181.267845
-100.0,100,5183.313668
-100.0,100,5185.375108
-100.0,100,5187.380921
-100.0,100,5189.417257
-100.0,100,5191.491733
-100.0,100,5193.561596
-100.0,100,5195.599752
-100.0,100,5197.697799
-100.0,100,5199.755924
-100.0,100,5201.869997
-100.0,100,5203.97521
-100.0,100,5206.020908
-100.0,100,5208.118182
-100.0,100,5210.224769
-100.0,100,5212.271814
-100.0,100,5214.312227
-100.0,100,5216.364166
-100.0,100,5218.373992
-100.0,100,5220.419215
-100.0,100,5222.477834
-100.0,100,5224.59411
-100.0,100,5226.651399
-100.0,100,5238.497239
-100.0,100,5240.410388
-100.0,100,5242.481652
-100.0,100,5244.543006
-100.0,100,5246.621995
-100.0,100,5248.471805
-100.0,100,5250.551831
-100.0,100,5252.624287
-100.0,100,5254.701509
-100.0,100,5256.775983
-100.0,100,5258.856444
-100.0,100,5260.887238
-100.0,100,5262.991625
-100.0,100,5265.055414
-100.0,100,5267.169644
-100.0,100,5269.247284
-100.0,100,5271.321823
-100.0,100,5273.41692
-100.0,100,5275.484643
-100.0,100,5277.55295
-100.0,100,5279.608142
-100.0,100,5281.671731
-100.0,100,5283.770954
-100.0,100,5285.857819
-100.0,100,5288.002875
-100.0,100,5290.168052
-100.0,100,5292.224117
-100.0,100,5294.076224
-100.0,100,5296.073832
-100.0,100,5298.135735
-100.0,100,5300.289923
-100.0,100,5302.439261
-100.0,100,5304.56875
-100.0,100,5306.701878
-100.0,100,5308.817315
-100.0,100,5310.982616
-100.0,100,5313.127573
-100.0,100,5315.246701
-100.0,100,5317.358208
-100.0,100,5319.44267
-100.0,100,5321.518068
-100.0,100,5323.416928
-100.0,100,5325.242508
-100.0,100,5327.254433
-100.0,100,5329.31781
-100.0,100,5331.27512
-100.0,100,5333.195701
-100.0,100,5335.15132
-100.0,100,5337.108139
-100.0,100,5339.188099
-100.0,100,5341.290974
-100.0,100,5343.326457
-100.0,100,5345.356738
-100.0,100,5347.35122
-100.0,100,5349.411662
-100.0,100,5351.48271
-100.0,100,5353.552885
-100.0,100,5355.44089
-100.0,100,5357.430077
-100.0,100,5359.481454
-100.0,100,5361.575303
-100.0,100,5363.598999
-100.0,100,5365.453341
-100.0,100,5367.296088
-100.0,100,5369.355739
-100.0,100,5371.431556
-100.0,100,5373.482564
-100.0,100,5375.557721
-100.0,100,5377.598988
-100.0,100,5379.660653
-100.0,100,5381.721296
-100.0,100,5383.784258
-100.0,100,5385.857197
-100.0,100,5387.988918
-100.0,100,5389.963621
-100.0,100,5392.069638
-100.0,100,5393.982951
-100.0,100,5395.819264
-100.0,100,5397.674127
-100.0,100,5399.731243
-100.0,100,5401.779275
-100.0,100,5403.757395
-100.0,100,5405.585322
-100.0,100,5407.429673
-100.0,100,5409.318931
-100.0,100,5411.290295
-100.0,100,5413.252047
-100.0,100,5415.204634
-100.0,100,5417.150817
-100.0,100,5419.009331
-100.0,100,5420.832718
-100.0,100,5422.735475
-100.0,100,5424.742275
-100.0,100,5426.700251
-100.0,100,5428.554358
-100.0,100,5430.499143
-100.0,100,5432.594312
-100.0,100,5434.659123
-100.0,100,5436.722908
-100.0,100,5438.806024
-100.0,100,5450.074789
-100.0,100,5452.188937
-100.0,100,5454.264257
-100.0,100,5456.307723
-100.0,100,5458.345577
-100.0,100,5459.86945
-100.0,100,5461.153032
-100.0,100,5462.171972
-100.0,100,5463.373549
-100.0,100,5465.223099
-100.0,100,5466.775275
-100.0,100,5467.847109
-100.0,100,5468.908319
-100.0,100,5469.964015
-100.0,100,5471.026016
-100.0,100,5472.093498
-100.0,100,5473.124185
-100.0,100,5474.143328
-100.0,100,5475.155974
-100.0,100,5476.198917
-100.0,100,5477.26925
-100.0,100,5478.331868
-100.0,100,5479.409091
-100.0,100,5480.54324
-100.0,100,5481.631446
-100.0,100,5483.436679
-100.0,100,5485.310423
-100.0,100,5486.572026
-100.0,100,5487.733903
-100.0,100,5488.805771
-100.0,100,5489.885597
-100.0,100,5490.950894
-100.0,100,5492.02571
-100.0,100,5493.108954
-100.0,100,5494.314904
-100.0,100,5496.363575
-100.0,100,5498.513064
-100.0,100,5500.627369
-100.0,100,5502.6507
-100.0,100,5503.961464
-100.0,100,5504.983361
-100.0,100,5506.004631
-100.0,100,5507.027327
-100.0,100,5508.044789
-100.0,100,5509.700577
-100.0,100,5511.602388
-100.0,100,5513.478106
-100.0,100,5514.744224
-100.0,100,5516.471767
-100.0,100,5518.567115
-100.0,100,5520.735817
-100.0,100,5522.895557
-100.0,100,5524.847288
-100.0,100,5526.966431
-100.0,100,5529.05525
-100.0,100,5531.125834
-100.0,100,5533.197442
-100.0,100,5535.266492
-100.0,100,5537.338091
-100.0,100,5539.408015
-100.0,100,5541.441488
-100.0,100,5543.322832
-100.0,100,5545.161378
-100.0,100,5546.992122
-100.0,100,5548.86663
-100.0,100,5550.901437
-100.0,100,5552.970487
-100.0,100,5555.054854
-100.0,100,5557.10804
-100.0,100,5559.158876
-100.0,100,5561.213011
-100.0,100,5563.291049
-100.0,100,5565.428983
-100.0,100,5567.524724
-100.0,100,5569.602666
-100.0,100,5571.672846
-100.0,100,5573.738375
-100.0,100,5575.780084
-100.0,100,5577.89693
-100.0,100,5579.953545
-100.0,100,5582.027985
-100.0,100,5584.097371
-100.0,100,5586.195627
-100.0,100,5588.264823
-100.0,100,5590.412698
-100.0,100,5592.51859
-100.0,100,5594.605498
-100.0,100,5596.718803
-100.0,100,5598.806698
-100.0,100,5600.787862
-100.0,100,5602.799839
-100.0,100,5604.837482
-100.0,100,5606.934046
-100.0,100,5608.983014
-100.0,100,5611.05075
-100.0,100,5613.106245
-100.0,100,5615.184196
-100.0,100,5617.264148
-100.0,100,5619.375258
-100.0,100,5621.478065
-100.0,100,5632.810786
-100.0,100,5634.876396
-100.0,100,5636.974511
-100.0,100,5638.935223
-100.0,100,5640.941083
-100.0,100,5643.095476
-100.0,100,5645.699274
-100.0,100,5648.249386
-100.0,100,5650.824148
-100.0,100,5653.366915
-100.0,100,5655.944628
-100.0,100,5658.50821
-100.0,100,5661.087824
-100.0,100,5663.700711
-100.0,100,5666.254059
-100.0,100,5668.776234
-100.0,100,5671.406984
-100.0,100,5673.987862
-100.0,100,5676.555418
-100.0,100,5679.143307
-100.0,100,5681.824742
-100.0,100,5684.32678
-100.0,100,5686.888689
-100.0,100,5689.438916
-100.0,100,5692.032496
-100.0,100,5694.605837
-100.0,100,5697.150465
-100.0,100,5699.675501
-100.0,100,5702.240655
-100.0,100,5704.886268
-100.0,100,5707.466743
-100.0,100,5709.973982
-100.0,100,5712.345841
-100.0,100,5714.37598
-100.0,100,5716.470326
-100.0,100,5718.595251
-100.0,100,5720.677653
-100.0,100,5722.807909
-100.0,100,5724.876758
-100.0,100,5726.94123
-100.0,100,5728.983367
-100.0,100,5731.020733
-100.0,100,5733.10617
-100.0,100,5735.157809
-100.0,100,5737.223784
-100.0,100,5739.301307
-100.0,100,5741.435805
-100.0,100,5743.487692
-100.0,100,5745.539573
-100.0,100,5747.609507
-100.0,100,5749.635863
-100.0,100,5751.698838
-100.0,100,5753.745073
-100.0,100,5755.785841
-100.0,100,5757.84756
-100.0,100,5759.905459
-100.0,100,5761.969477
-100.0,100,5763.981959
-100.0,100,5766.027398
-100.0,100,5768.112355
-100.0,100,5770.187711
-100.0,100,5772.230317
-100.0,100,5774.319243
-100.0,100,5776.363648
-100.0,100,5778.447479
-100.0,100,5780.524906
-100.0,100,5782.578186
-100.0,100,5784.651434
-100.0,100,5786.72746
-100.0,100,5788.810076
-100.0,100,5790.885334
-100.0,100,5792.950974
-100.0,100,5795.008586
-100.0,100,5797.068666
-100.0,100,5799.160005
-100.0,100,5801.239259
-100.0,100,5803.283531
-100.0,100,5805.361398
-100.0,100,5807.443487
-100.0,100,5809.508536
-100.0,100,5811.587473
-100.0,100,5813.664632
-100.0,100,5815.747679
-100.0,100,5817.825674
-100.0,100,5819.937038
-100.0,100,5822.106461
-100.0,100,5824.188861
-100.0,100,5826.278345
-100.0,100,5828.36653
-100.0,100,5830.474051
-100.0,100,5832.541823
-100.0,100,5834.636121
-100.0,100,5836.795073
-100.0,100,5838.920368
-100.0,100,5841.006476
-100.0,100,5843.098347
-100.0,100,5845.144643
-100.0,100,5847.235855
-100.0,100,5849.288179
-100.0,100,5851.350142
-100.0,100,5862.508731
-100.0,100,5864.508522
-100.0,100,5866.533168
-100.0,100,5868.60285
-100.0,100,5870.656492
-100.0,100,5872.761819
-100.0,100,5874.834975
-100.0,100,5876.91017
-100.0,100,5878.96556
-100.0,100,5881.046586
-100.0,100,5883.126874
-100.0,100,5885.23536
-100.0,100,5887.355701
-100.0,100,5889.439808
-100.0,100,5891.529975
-100.0,100,5893.642915
-100.0,100,5895.70858
-100.0,100,5897.74353
-100.0,100,5899.847677
-100.0,100,5901.934822
-100.0,100,5903.990192
-100.0,100,5906.059164
-100.0,100,5908.150547
-100.0,100,5910.229316
-100.0,100,5912.347304
-100.0,100,5914.496599
-100.0,100,5916.659951
-100.0,100,5918.73324
-100.0,100,5921.057293
-100.0,100,5923.622753
-100.0,100,5926.176378
-100.0,100,5928.710315
-100.0,100,5930.901727
-100.0,100,5932.952697
-100.0,100,5934.921058
-100.0,100,5937.100357
-100.0,100,5939.151826
-100.0,100,5941.042934
-100.0,100,5942.947163
-100.0,100,5944.836556
-100.0,100,5946.887447
-100.0,100,5948.913468
-100.0,100,5950.54808
-100.0,100,5952.602649
-100.0,100,5954.657948
-100.0,100,5956.704621
-100.0,100,5958.758443
-100.0,100,5960.806101
-100.0,100,5962.842355
-100.0,100,5964.906981
-100.0,100,5966.995246
-100.0,100,5969.032016
-100.0,100,5971.06133
-100.0,100,5973.09657
-100.0,100,5975.157182
-100.0,100,5977.231937
-100.0,100,5979.295184
-100.0,100,5981.363782
-100.0,100,5983.421187
-100.0,100,5985.48059
-100.0,100,5987.540699
-100.0,100,5989.598734
-100.0,100,5991.656705
-100.0,100,5993.700233
-100.0,100,5995.775134
-100.0,100,5997.844218
-100.0,100,5999.893172
-100.0,100,6001.98766
-100.0,100,6004.080708
-100.0,100,6006.058841
-100.0,100,6007.973891
-100.0,100,6009.857821
-100.0,100,6011.736578
-100.0,100,6013.606724
-100.0,100,6015.509853
-100.0,100,6017.560787
-100.0,100,6019.677565
-100.0,100,6021.774352
-100.0,100,6023.903126
-100.0,100,6026.035951
-100.0,100,6028.111175
-100.0,100,6030.190613
-100.0,100,6032.282501
-100.0,100,6034.377667
-100.0,100,6036.384378
-100.0,100,6038.471333
-100.0,100,6040.566895
-100.0,100,6042.661454
-100.0,100,6044.724597
-100.0,100,6046.827424
-100.0,100,6048.90474
-100.0,100,6050.981925
-100.0,100,6053.062527
-100.0,100,6055.18659
-100.0,100,6057.30664
-100.0,100,6059.402181
-100.0,100,6061.435526
-100.0,100,6063.543557
-100.0,100,6065.630806
-100.0,100,6067.725656
-100.0,100,6079.122993
-100.0,100,6081.179639
-100.0,100,6083.237558
-100.0,100,6085.285827
-100.0,100,6087.347913
-100.0,100,6089.456592
-100.0,100,6091.57688
-100.0,100,6093.627571
-100.0,100,6095.734806
-100.0,100,6097.844535
-100.0,100,6100.020307
-100.0,100,6102.122856
-100.0,100,6104.195017
-100.0,100,6106.262336
-100.0,100,6108.332256
-100.0,100,6110.436564
-100.0,100,6112.528512
-100.0,100,6114.586872
-100.0,100,6116.639302
-100.0,100,6118.687086
-100.0,100,6120.763028
-100.0,100,6122.853397
-100.0,100,6124.985801
-100.0,100,6127.069109
-100.0,100,6129.168436
-100.0,100,6131.240991
-100.0,100,6133.300416
-100.0,100,6135.371016
-100.0,100,6137.464684
-100.0,100,6139.544077
-100.0,100,6141.620924
-100.0,100,6143.735217
-100.0,100,6145.820672
-100.0,100,6147.874193
-100.0,100,6149.944565
-100.0,100,6152.005163
-100.0,100,6154.080755
-100.0,100,6156.127828
-100.0,100,6158.22279
-100.0,100,6160.281897
-100.0,100,6162.351745
-100.0,100,6164.398348
-100.0,100,6166.450268
-100.0,100,6168.508713
-100.0,100,6170.589381
-100.0,100,6172.659682
-100.0,100,6174.76739
-100.0,100,6176.89762
-100.0,100,6179.050311
-100.0,100,6181.180552
-100.0,100,6183.305774
-100.0,100,6185.43075
-100.0,100,6187.528177
-100.0,100,6189.603753
-100.0,100,6191.702193
-100.0,100,6193.777952
-100.0,100,6195.880238
-100.0,100,6197.955139
-100.0,100,6200.016973
-100.0,100,6202.109338
-100.0,100,6204.274269
